<?xml version="1.0" encoding="UTF-8"?>
<mxGraphModel dx="798" dy="385" grid="1" gridSize="10" guides="1" tooltips="1" connect="1" arrows="1" fold="1" page="1" pageScale="1" pageWidth="850" pageHeight="1100" background="#ffffff" math="0" shadow="0"><root><mxCell id="0"/><mxCell id="1" parent="0"/><mxCell id="2" value="" style="rounded=0;whiteSpace=wrap;html=1;fillColor=none;fontSize=12;strokeWidth=2;" parent="1" vertex="1"><mxGeometry x="135" y="121" width="585" height="219" as="geometry"/></mxCell><mxCell id="3" value="&lt;div style=&quot;text-align: left ; font-size: 13px&quot;&gt;&lt;span&gt;Validator Node&lt;/span&gt;&lt;/div&gt;" style="text;html=1;strokeColor=none;fillColor=none;align=left;verticalAlign=middle;whiteSpace=wrap;rounded=0;fontSize=12;" parent="1" vertex="1"><mxGeometry x="133.99999999999994" y="95" width="142.34875444839855" height="30.730478589420652" as="geometry"/></mxCell><mxCell id="4" value="&lt;font style=&quot;font-size: 12px&quot;&gt;Client:&amp;nbsp;&lt;br&gt;&lt;/font&gt;Sawtooth CLI" style="rounded=1;whiteSpace=wrap;html=1;strokeColor=#000000;strokeWidth=1;fillColor=#FFF2C5;fontSize=12;" parent="1" vertex="1"><mxGeometry x="144.49999999999997" y="162.49999999999994" width="90" height="43" as="geometry"/></mxCell><mxCell id="5" value="" style="endArrow=none;html=1;strokeColor=#000000;strokeWidth=1;fontSize=12;entryX=0;entryY=0.25;exitX=1;exitY=0.5;" parent="1" source="4" target="6" edge="1"><mxGeometry width="50" height="50" relative="1" as="geometry"><mxPoint x="62.204626334519546" y="509.89798488664974" as="sourcePoint"/><mxPoint x="133.37900355871884" y="433.07178841309815" as="targetPoint"/></mxGeometry></mxCell><mxCell id="8" value="" style="group" parent="1" vertex="1" connectable="0"><mxGeometry x="378.5" y="172.4999999999999" width="150" height="111.00000000000003" as="geometry"/></mxCell><mxCell id="9" value="" style="rounded=1;whiteSpace=wrap;html=1;strokeWidth=1;fillColor=#B5D3FF;fontSize=12;strokeColor=#000000;" parent="8" vertex="1"><mxGeometry y="2.3684757858670007e-14" width="150" height="111" as="geometry"/></mxCell><mxCell id="10" value="&lt;font style=&quot;font-size: 14px&quot;&gt;Validator&lt;/font&gt;" style="text;html=1;strokeColor=none;fillColor=none;align=center;verticalAlign=middle;whiteSpace=wrap;rounded=0;fontSize=12;" parent="8" vertex="1"><mxGeometry x="33.26410526315783" y="44.901183137400885" width="83.47178947368421" height="21.197633725198358" as="geometry"/></mxCell><mxCell id="11" style="edgeStyle=orthogonalEdgeStyle;curved=1;jumpSize=3;html=1;exitX=0.25;exitY=0;entryX=0.25;entryY=0;jettySize=auto;orthogonalLoop=1;strokeColor=#000000;strokeWidth=1;fontSize=11;" parent="8" source="9" target="9" edge="1"><mxGeometry relative="1" as="geometry"/></mxCell><mxCell id="12" value="" style="endArrow=none;html=1;strokeColor=#000000;strokeWidth=1;fontSize=12;entryX=0;entryY=0.5;exitX=1;exitY=0.25;" parent="1" source="9" target="14" edge="1"><mxGeometry width="50" height="50" relative="1" as="geometry"><mxPoint x="574.5" y="243.5" as="sourcePoint"/><mxPoint x="654.7941176470588" y="249.79411764705893" as="targetPoint"/></mxGeometry></mxCell><mxCell id="13" value="" style="endArrow=none;html=1;strokeColor=#000000;strokeWidth=1;fontSize=12;entryX=0;entryY=0.5;exitX=1;exitY=0.5;" parent="1" source="9" target="15" edge="1"><mxGeometry width="50" height="50" relative="1" as="geometry"><mxPoint x="574.6666666666667" y="244.83333333333337" as="sourcePoint"/><mxPoint x="604.6666666666667" y="289" as="targetPoint"/></mxGeometry></mxCell><mxCell id="17" value="" style="endArrow=none;html=1;strokeColor=#000000;strokeWidth=1;fontSize=11;entryX=0;entryY=0.5;exitX=1;exitY=0.75;" parent="1" source="9" target="16" edge="1"><mxGeometry width="50" height="50" relative="1" as="geometry"><mxPoint x="494.5" y="393.5" as="sourcePoint"/><mxPoint x="544.5" y="343.5" as="targetPoint"/></mxGeometry></mxCell><mxCell id="21" value="&lt;font style=&quot;font-size: 9px;&quot;&gt;TCP&lt;/font&gt;&lt;div style=&quot;font-size: 9px;&quot;&gt;&lt;font style=&quot;font-size: 9px;&quot;&gt;4004&lt;/font&gt;&lt;/div&gt;" style="text;html=1;strokeColor=none;fillColor=none;align=center;verticalAlign=middle;whiteSpace=wrap;rounded=0;dashed=1;fontSize=9;rotation=0;" parent="1" vertex="1"><mxGeometry x="522.5" y="216.99999999999994" width="40" height="20" as="geometry"/></mxCell><mxCell id="14" value="&lt;div style=&quot;font-size: 11px&quot;&gt;&lt;font style=&quot;font-size: 11px&quot;&gt;IntegerKey&lt;/font&gt;&lt;/div&gt;&lt;div style=&quot;font-size: 11px&quot;&gt;&lt;font style=&quot;font-size: 11px&quot;&gt;Transaction&amp;nbsp;&lt;/font&gt;Processor&lt;/div&gt;" style="rounded=1;whiteSpace=wrap;html=1;strokeWidth=1;fillColor=#F4EDFC;fontSize=12;strokeColor=#000000;" parent="1" vertex="1"><mxGeometry x="590.5" y="133.75000000000014" width="120" height="48" as="geometry"/></mxCell><mxCell id="15" value="&lt;div style=&quot;font-size: 11px&quot;&gt;&lt;font style=&quot;font-size: 11px&quot;&gt;Settings&lt;/font&gt;&lt;/div&gt;&lt;div style=&quot;font-size: 11px&quot;&gt;&lt;font style=&quot;font-size: 11px&quot;&gt;Transaction&amp;nbsp;&lt;/font&gt;Processor&lt;/div&gt;" style="rounded=1;whiteSpace=wrap;html=1;strokeWidth=1;fillColor=#F4EDFC;fontSize=12;strokeColor=#000000;" parent="1" vertex="1"><mxGeometry x="590.5" y="205.49999999999994" width="120" height="45" as="geometry"/></mxCell><mxCell id="16" value="&lt;div style=&quot;font-size: 11px&quot;&gt;&lt;font style=&quot;font-size: 11px&quot;&gt;XO&lt;/font&gt;&lt;/div&gt;&lt;div style=&quot;font-size: 11px&quot;&gt;&lt;font style=&quot;font-size: 11px&quot;&gt;Transaction&amp;nbsp;&lt;/font&gt;Processor&lt;/div&gt;" style="rounded=1;whiteSpace=wrap;html=1;strokeWidth=1;fillColor=#F4EDFC;fontSize=12;strokeColor=#000000;" parent="1" vertex="1"><mxGeometry x="590.5" y="279.2499999999998" width="120" height="48" as="geometry"/></mxCell><mxCell id="101" value="&lt;font style=&quot;font-size: 9px;&quot;&gt;TCP&lt;/font&gt;&lt;div style=&quot;font-size: 9px;&quot;&gt;&lt;font style=&quot;font-size: 9px;&quot;&gt;4004&lt;/font&gt;&lt;/div&gt;" style="text;html=1;strokeColor=none;fillColor=none;align=center;verticalAlign=middle;whiteSpace=wrap;rounded=0;dashed=1;fontSize=9;rotation=0;" parent="1" vertex="1"><mxGeometry x="345.5" y="216.99999999999991" width="40" height="20" as="geometry"/></mxCell><mxCell id="102" value="&lt;font style=&quot;font-size: 9px&quot;&gt;TCP&lt;/font&gt;&lt;div style=&quot;font-size: 9px&quot;&gt;&lt;font style=&quot;font-size: 9px&quot;&gt;8008&lt;/font&gt;&lt;/div&gt;" style="text;html=1;strokeColor=none;fillColor=none;align=center;verticalAlign=middle;whiteSpace=wrap;rounded=0;dashed=1;fontSize=9;rotation=0;" parent="1" vertex="1"><mxGeometry x="226.49999999999997" y="216.99999999999991" width="40" height="20" as="geometry"/></mxCell><mxCell id="107" value="" style="endArrow=none;html=1;fontSize=9;fontColor=#4D4D4D;entryX=0;entryY=0.5;exitX=1;exitY=0.5;" parent="1" source="6" target="9" edge="1"><mxGeometry width="50" height="50" relative="1" as="geometry"><mxPoint x="322.5" y="292.5" as="sourcePoint"/><mxPoint x="312.5" y="302.5" as="targetPoint"/></mxGeometry></mxCell><mxCell id="6" value="&lt;font style=&quot;font-size: 12px&quot;&gt;REST API&lt;/font&gt;" style="rounded=1;whiteSpace=wrap;html=1;strokeWidth=1;fillColor=#CCF0E2;fontSize=12;strokeColor=#000000;" parent="1" vertex="1"><mxGeometry x="259.5" y="209.49999999999983" width="78" height="37" as="geometry"/></mxCell></root></mxGraphModel>