<?xml version="1.0" encoding="UTF-8"?>
<mxGraphModel dx="759" dy="462" grid="1" gridSize="10" guides="1" tooltips="1" connect="1" arrows="1" fold="1" page="1" pageScale="1" pageWidth="850" pageHeight="1100" background="#ffffff" math="0" shadow="0"><root><mxCell id="0"/><mxCell id="1" parent="0"/><mxCell id="34" value="" style="rounded=0;whiteSpace=wrap;html=1;shadow=0;dashed=1;strokeColor=#000000;fillColor=none;" vertex="1" parent="1"><mxGeometry x="382.22" y="177.70676691729324" width="157.78" height="117.29323308270676" as="geometry"/></mxCell><mxCell id="2" value="a" style="rounded=0;whiteSpace=wrap;html=1;fillColor=none;fontSize=12;strokeWidth=2;" parent="1" vertex="1"><mxGeometry x="135" y="121" width="595" height="249" as="geometry"/></mxCell><mxCell id="54" value="" style="rounded=0;whiteSpace=wrap;html=1;shadow=0;strokeColor=#808080;fillColor=none;fontSize=9;strokeWidth=2;dashed=1;" vertex="1" parent="1"><mxGeometry x="110" y="60" width="650" height="340" as="geometry"/></mxCell><mxCell id="49" value="" style="rounded=0;whiteSpace=wrap;html=1;shadow=0;dashed=1;strokeColor=#000000;fillColor=none;fontSize=9;dashPattern=1 1;" vertex="1" parent="1"><mxGeometry x="121" y="90" width="625" height="300" as="geometry"/></mxCell><mxCell id="3" value="&lt;div style=&quot;text-align: left ; font-size: 13px&quot;&gt;&lt;span&gt;Validator Node&lt;/span&gt;&lt;/div&gt;" style="text;html=1;strokeColor=none;fillColor=none;align=left;verticalAlign=middle;whiteSpace=wrap;rounded=0;fontSize=12;" parent="1" vertex="1"><mxGeometry x="134" y="95" width="142.34875444839855" height="30.730478589420652" as="geometry"/></mxCell><mxCell id="4" value="&lt;font style=&quot;font-size: 12px&quot;&gt;Client:&amp;nbsp;&lt;br&gt;&lt;/font&gt;Sawtooth CLI" style="rounded=1;whiteSpace=wrap;html=1;strokeColor=#000000;strokeWidth=1;fillColor=#FFF2C5;fontSize=12;" parent="1" vertex="1"><mxGeometry x="147" y="169.99999999999991" width="90" height="43" as="geometry"/></mxCell><mxCell id="5" value="" style="endArrow=none;html=1;strokeColor=#000000;strokeWidth=1;fontSize=12;entryX=0;entryY=0.25;exitX=1;exitY=0.5;" parent="1" source="4" target="6" edge="1"><mxGeometry width="50" height="50" relative="1" as="geometry"><mxPoint x="64.70462633451957" y="517.3979848866497" as="sourcePoint"/><mxPoint x="135.87900355871886" y="440.5717884130981" as="targetPoint"/></mxGeometry></mxCell><mxCell id="8" value="" style="group" parent="1" vertex="1" connectable="0"><mxGeometry x="386" y="179.99999999999986" width="150" height="111.00000000000003" as="geometry"/></mxCell><mxCell id="9" value="" style="rounded=1;whiteSpace=wrap;html=1;strokeWidth=1;fillColor=#B5D3FF;fontSize=12;strokeColor=#000000;" parent="8" vertex="1"><mxGeometry y="2.3684757858670007e-14" width="150" height="111" as="geometry"/></mxCell><mxCell id="10" value="&lt;font style=&quot;font-size: 14px&quot;&gt;Validator&lt;/font&gt;" style="text;html=1;strokeColor=none;fillColor=none;align=center;verticalAlign=middle;whiteSpace=wrap;rounded=0;fontSize=12;" parent="8" vertex="1"><mxGeometry x="33.26410526315783" y="44.901183137400885" width="83.47178947368421" height="21.197633725198358" as="geometry"/></mxCell><mxCell id="11" style="edgeStyle=orthogonalEdgeStyle;curved=1;jumpSize=3;html=1;exitX=0.25;exitY=0;entryX=0.25;entryY=0;jettySize=auto;orthogonalLoop=1;strokeColor=#000000;strokeWidth=1;fontSize=11;" parent="8" source="9" target="9" edge="1"><mxGeometry relative="1" as="geometry"/></mxCell><mxCell id="12" value="" style="endArrow=none;html=1;strokeColor=#000000;strokeWidth=1;fontSize=12;entryX=0;entryY=0.5;exitX=1;exitY=0.25;" parent="1" source="9" target="14" edge="1"><mxGeometry width="50" height="50" relative="1" as="geometry"><mxPoint x="582" y="250.99999999999997" as="sourcePoint"/><mxPoint x="662.2941176470588" y="257.2941176470589" as="targetPoint"/></mxGeometry></mxCell><mxCell id="13" value="" style="endArrow=none;html=1;strokeColor=#000000;strokeWidth=1;fontSize=12;entryX=0;entryY=0.5;exitX=1;exitY=0.5;" parent="1" source="9" target="15" edge="1"><mxGeometry width="50" height="50" relative="1" as="geometry"><mxPoint x="582.1666666666667" y="252.33333333333334" as="sourcePoint"/><mxPoint x="612.1666666666667" y="296.5" as="targetPoint"/></mxGeometry></mxCell><mxCell id="17" value="" style="endArrow=none;html=1;strokeColor=#000000;strokeWidth=1;fontSize=11;entryX=0;entryY=0.5;exitX=1;exitY=0.75;" parent="1" source="9" target="16" edge="1"><mxGeometry width="50" height="50" relative="1" as="geometry"><mxPoint x="502" y="400.99999999999994" as="sourcePoint"/><mxPoint x="552" y="350.99999999999994" as="targetPoint"/></mxGeometry></mxCell><mxCell id="21" value="&lt;font style=&quot;font-size: 9px;&quot;&gt;TCP&lt;/font&gt;&lt;div style=&quot;font-size: 9px;&quot;&gt;&lt;font style=&quot;font-size: 9px;&quot;&gt;4004&lt;/font&gt;&lt;/div&gt;" style="text;html=1;strokeColor=none;fillColor=none;align=center;verticalAlign=middle;whiteSpace=wrap;rounded=0;dashed=1;fontSize=9;rotation=0;" parent="1" vertex="1"><mxGeometry x="533" y="224.49999999999991" width="40" height="20" as="geometry"/></mxCell><mxCell id="14" value="&lt;div style=&quot;font-size: 11px&quot;&gt;&lt;font style=&quot;font-size: 11px&quot;&gt;IntegerKey&lt;/font&gt;&lt;/div&gt;&lt;div style=&quot;font-size: 11px&quot;&gt;&lt;font style=&quot;font-size: 11px&quot;&gt;Transaction&amp;nbsp;&lt;/font&gt;Processor&lt;/div&gt;" style="rounded=1;whiteSpace=wrap;html=1;strokeWidth=1;fillColor=#F4EDFC;fontSize=12;strokeColor=#000000;" parent="1" vertex="1"><mxGeometry x="598" y="141.2500000000001" width="120" height="48" as="geometry"/></mxCell><mxCell id="15" value="&lt;div style=&quot;font-size: 11px&quot;&gt;&lt;font style=&quot;font-size: 11px&quot;&gt;Settings&lt;/font&gt;&lt;/div&gt;&lt;div style=&quot;font-size: 11px&quot;&gt;&lt;font style=&quot;font-size: 11px&quot;&gt;Transaction&amp;nbsp;&lt;/font&gt;Processor&lt;/div&gt;" style="rounded=1;whiteSpace=wrap;html=1;strokeWidth=1;fillColor=#F4EDFC;fontSize=12;strokeColor=#000000;" parent="1" vertex="1"><mxGeometry x="598" y="212.99999999999991" width="120" height="45" as="geometry"/></mxCell><mxCell id="16" value="&lt;div style=&quot;font-size: 11px&quot;&gt;&lt;font style=&quot;font-size: 11px&quot;&gt;XO&lt;/font&gt;&lt;/div&gt;&lt;div style=&quot;font-size: 11px&quot;&gt;&lt;font style=&quot;font-size: 11px&quot;&gt;Transaction&amp;nbsp;&lt;/font&gt;Processor&lt;/div&gt;" style="rounded=1;whiteSpace=wrap;html=1;strokeWidth=1;fillColor=#F4EDFC;fontSize=12;strokeColor=#000000;" parent="1" vertex="1"><mxGeometry x="598" y="286.7499999999998" width="120" height="48" as="geometry"/></mxCell><mxCell id="28" value="" style="group" vertex="1" connectable="0" parent="1"><mxGeometry x="141" y="149.5" width="100" height="66.5" as="geometry"/></mxCell><mxCell id="26" value="" style="rounded=0;whiteSpace=wrap;html=1;shadow=0;dashed=1;strokeColor=#000000;fillColor=none;" vertex="1" parent="28"><mxGeometry x="2" y="16.5" width="98" height="50" as="geometry"/></mxCell><mxCell id="27" value="&lt;font style=&quot;font-size: 9px&quot;&gt;Container&lt;/font&gt;" style="text;html=1;strokeColor=none;fillColor=none;align=center;verticalAlign=middle;whiteSpace=wrap;rounded=0;shadow=1;dashed=1;spacing=0;" vertex="1" parent="28"><mxGeometry width="40" height="19" as="geometry"/></mxCell><mxCell id="38" value="" style="group" vertex="1" connectable="0" parent="1"><mxGeometry x="590" y="267" width="133" height="70" as="geometry"/></mxCell><mxCell id="39" value="" style="rounded=0;whiteSpace=wrap;html=1;shadow=0;dashed=1;strokeColor=#000000;fillColor=none;" vertex="1" parent="38"><mxGeometry x="2.6599999999999997" y="17.368421052631575" width="130.33999999999997" height="52.63157894736842" as="geometry"/></mxCell><mxCell id="40" value="&lt;font style=&quot;font-size: 9px&quot;&gt;Container&lt;/font&gt;" style="text;html=1;strokeColor=none;fillColor=none;align=center;verticalAlign=middle;whiteSpace=wrap;rounded=0;shadow=1;dashed=1;spacing=0;" vertex="1" parent="38"><mxGeometry x="-5" width="53.199999999999996" height="20" as="geometry"/></mxCell><mxCell id="41" value="" style="group" vertex="1" connectable="0" parent="1"><mxGeometry x="590" y="121.5" width="133" height="70" as="geometry"/></mxCell><mxCell id="42" value="" style="rounded=0;whiteSpace=wrap;html=1;shadow=0;dashed=1;strokeColor=#000000;fillColor=none;" vertex="1" parent="41"><mxGeometry x="2.6599999999999997" y="17.368421052631575" width="130.33999999999997" height="52.63157894736842" as="geometry"/></mxCell><mxCell id="43" value="&lt;font style=&quot;font-size: 9px&quot;&gt;Container&lt;/font&gt;" style="text;html=1;strokeColor=none;fillColor=none;align=center;verticalAlign=middle;whiteSpace=wrap;rounded=0;shadow=1;dashed=1;spacing=0;" vertex="1" parent="41"><mxGeometry x="-5" width="53.199999999999996" height="20" as="geometry"/></mxCell><mxCell id="44" value="" style="group" vertex="1" connectable="0" parent="1"><mxGeometry x="590" y="192.5" width="133" height="70" as="geometry"/></mxCell><mxCell id="45" value="" style="rounded=0;whiteSpace=wrap;html=1;shadow=0;dashed=1;strokeColor=#000000;fillColor=none;" vertex="1" parent="44"><mxGeometry x="2.6599999999999997" y="17.368421052631575" width="130.33999999999997" height="52.63157894736842" as="geometry"/></mxCell><mxCell id="46" value="&lt;font style=&quot;font-size: 9px&quot;&gt;Container&lt;/font&gt;" style="text;html=1;strokeColor=none;fillColor=none;align=center;verticalAlign=middle;whiteSpace=wrap;rounded=0;shadow=1;dashed=1;spacing=0;" vertex="1" parent="44"><mxGeometry x="-5" width="53.199999999999996" height="20" as="geometry"/></mxCell><mxCell id="50" value="&lt;font style=&quot;font-size: 13px&quot;&gt;Sawtooth Pod&lt;/font&gt;" style="text;html=1;strokeColor=none;fillColor=none;align=center;verticalAlign=middle;whiteSpace=wrap;rounded=0;shadow=0;dashed=1;fontSize=9;fontColor=#4D4D4D;" vertex="1" parent="1"><mxGeometry x="112" y="69" width="100" height="20" as="geometry"/></mxCell><mxCell id="55" value="&lt;font style=&quot;font-size: 14px&quot;&gt;Kubernetes Cluster&lt;/font&gt;" style="text;html=1;strokeColor=none;fillColor=none;align=center;verticalAlign=middle;whiteSpace=wrap;rounded=0;shadow=0;fontSize=9;fontColor=#000000;" vertex="1" parent="1"><mxGeometry x="106" y="39" width="130" height="20" as="geometry"/></mxCell><mxCell id="101" value="&lt;font style=&quot;font-size: 9px;&quot;&gt;TCP&lt;/font&gt;&lt;div style=&quot;font-size: 9px;&quot;&gt;&lt;font style=&quot;font-size: 9px;&quot;&gt;4004&lt;/font&gt;&lt;/div&gt;" style="text;html=1;strokeColor=none;fillColor=none;align=center;verticalAlign=middle;whiteSpace=wrap;rounded=0;dashed=1;fontSize=9;rotation=0;" vertex="1" parent="1"><mxGeometry x="349" y="224.4999999999999" width="40" height="20" as="geometry"/></mxCell><mxCell id="102" value="&lt;font style=&quot;font-size: 9px&quot;&gt;TCP&lt;/font&gt;&lt;div style=&quot;font-size: 9px&quot;&gt;&lt;font style=&quot;font-size: 9px&quot;&gt;8008&lt;/font&gt;&lt;/div&gt;" style="text;html=1;strokeColor=none;fillColor=none;align=center;verticalAlign=middle;whiteSpace=wrap;rounded=0;dashed=1;fontSize=9;rotation=0;" vertex="1" parent="1"><mxGeometry x="224" y="224.4999999999999" width="40" height="20" as="geometry"/></mxCell><mxCell id="35" value="&lt;font style=&quot;font-size: 9px&quot;&gt;Container&lt;/font&gt;" style="text;html=1;strokeColor=none;fillColor=none;align=center;verticalAlign=middle;whiteSpace=wrap;rounded=0;shadow=1;dashed=1;spacing=0;" vertex="1" parent="1"><mxGeometry x="369.77777777777777" y="146.2" width="64.4" height="44.57142857142856" as="geometry"/></mxCell><mxCell id="107" value="" style="endArrow=none;html=1;fontSize=9;fontColor=#4D4D4D;entryX=0;entryY=0.5;exitX=1;exitY=0.5;" edge="1" parent="1" source="6" target="9"><mxGeometry width="50" height="50" relative="1" as="geometry"><mxPoint x="330" y="300" as="sourcePoint"/><mxPoint x="320" y="310" as="targetPoint"/></mxGeometry></mxCell><mxCell id="108" value="" style="group" vertex="1" connectable="0" parent="1"><mxGeometry x="257" y="195" width="88" height="62.68656716417911" as="geometry"/></mxCell><mxCell id="30" value="" style="rounded=0;whiteSpace=wrap;html=1;shadow=0;dashed=1;strokeColor=#000000;fillColor=none;" vertex="1" parent="108"><mxGeometry y="17.761194029850742" width="88" height="44.92537313432835" as="geometry"/></mxCell><mxCell id="6" value="&lt;font style=&quot;font-size: 12px&quot;&gt;REST API&lt;/font&gt;" style="rounded=1;whiteSpace=wrap;html=1;strokeWidth=1;fillColor=#CCF0E2;fontSize=12;strokeColor=#000000;" parent="108" vertex="1"><mxGeometry x="5" y="21.9999999999998" width="78" height="37" as="geometry"/></mxCell><mxCell id="31" value="&lt;font style=&quot;font-size: 9px&quot;&gt;Container&lt;/font&gt;" style="text;html=1;strokeColor=none;fillColor=none;align=center;verticalAlign=middle;whiteSpace=wrap;rounded=0;shadow=1;dashed=1;spacing=0;" vertex="1" parent="108"><mxGeometry x="3" width="37.2" height="19.850746268656714" as="geometry"/></mxCell></root></mxGraphModel>