<?xml version="1.0" encoding="UTF-8"?>
<mxGraphModel dx="1369" dy="660" grid="1" gridSize="10" guides="1" tooltips="1" connect="1" arrows="1" fold="1" page="1" pageScale="1" pageWidth="850" pageHeight="1100" background="#ffffff" math="0" shadow="0"><root><mxCell id="0"/><mxCell id="1" parent="0"/><mxCell id="54" value="" style="rounded=0;whiteSpace=wrap;html=1;shadow=0;strokeColor=#808080;fillColor=none;fontSize=9;strokeWidth=2;dashed=1;" parent="1" vertex="1"><mxGeometry x="110" y="60" width="650" height="570" as="geometry"/></mxCell><mxCell id="34" value="" style="rounded=0;whiteSpace=wrap;html=1;shadow=0;dashed=1;strokeColor=#000000;fillColor=none;" parent="1" vertex="1"><mxGeometry x="382.22" y="177.70676691729324" width="157.78" height="117.29323308270676" as="geometry"/></mxCell><mxCell id="2" value="a" style="rounded=0;whiteSpace=wrap;html=1;fillColor=none;fontSize=12;strokeWidth=2;" parent="1" vertex="1"><mxGeometry x="135" y="121" width="595" height="239" as="geometry"/></mxCell><mxCell id="49" value="" style="rounded=0;whiteSpace=wrap;html=1;shadow=0;dashed=1;strokeColor=#000000;fillColor=none;fontSize=9;dashPattern=1 1;" parent="1" vertex="1"><mxGeometry x="121" y="90" width="625" height="280" as="geometry"/></mxCell><mxCell id="3" value="&lt;div style=&quot;text-align: left ; font-size: 13px&quot;&gt;&lt;span&gt;Validator Node&lt;/span&gt;&lt;/div&gt;" style="text;html=1;strokeColor=none;fillColor=none;align=left;verticalAlign=middle;whiteSpace=wrap;rounded=0;fontSize=12;" parent="1" vertex="1"><mxGeometry x="134" y="95" width="142.34875444839855" height="30.730478589420652" as="geometry"/></mxCell><mxCell id="4" value="&lt;font style=&quot;font-size: 12px&quot;&gt;Client:&amp;nbsp;&lt;br&gt;&lt;/font&gt;Sawtooth CLI" style="rounded=1;whiteSpace=wrap;html=1;strokeColor=#000000;strokeWidth=1;fillColor=#FFF2C5;fontSize=12;" parent="1" vertex="1"><mxGeometry x="147" y="169.99999999999991" width="90" height="43" as="geometry"/></mxCell><mxCell id="5" value="" style="endArrow=none;html=1;strokeColor=#000000;strokeWidth=1;fontSize=12;entryX=0;entryY=0.25;exitX=1;exitY=0.5;" parent="1" source="4" target="6" edge="1"><mxGeometry width="50" height="50" relative="1" as="geometry"><mxPoint x="64.70462633451957" y="517.3979848866497" as="sourcePoint"/><mxPoint x="135.87900355871886" y="440.5717884130981" as="targetPoint"/></mxGeometry></mxCell><mxCell id="8" value="" style="group" parent="1" vertex="1" connectable="0"><mxGeometry x="386" y="179.99999999999986" width="150" height="111.00000000000003" as="geometry"/></mxCell><mxCell id="9" value="" style="rounded=1;whiteSpace=wrap;html=1;strokeWidth=1;fillColor=#B5D3FF;fontSize=12;strokeColor=#000000;" parent="8" vertex="1"><mxGeometry y="2.3684757858670007e-14" width="150" height="111" as="geometry"/></mxCell><mxCell id="10" value="&lt;font style=&quot;font-size: 14px&quot;&gt;Validator&lt;/font&gt;" style="text;html=1;strokeColor=none;fillColor=none;align=center;verticalAlign=middle;whiteSpace=wrap;rounded=0;fontSize=12;" parent="8" vertex="1"><mxGeometry x="33.26410526315783" y="44.901183137400885" width="83.47178947368421" height="21.197633725198358" as="geometry"/></mxCell><mxCell id="11" style="edgeStyle=orthogonalEdgeStyle;curved=1;jumpSize=3;html=1;exitX=0.25;exitY=0;entryX=0.25;entryY=0;jettySize=auto;orthogonalLoop=1;strokeColor=#000000;strokeWidth=1;fontSize=11;" parent="8" source="9" target="9" edge="1"><mxGeometry relative="1" as="geometry"/></mxCell><mxCell id="12" value="" style="endArrow=none;html=1;strokeColor=#000000;strokeWidth=1;fontSize=12;entryX=0;entryY=0.5;exitX=1;exitY=0.5;" parent="1" source="9" target="14" edge="1"><mxGeometry width="50" height="50" relative="1" as="geometry"><mxPoint x="582" y="250.99999999999997" as="sourcePoint"/><mxPoint x="662.2941176470588" y="257.2941176470589" as="targetPoint"/></mxGeometry></mxCell><mxCell id="13" value="" style="endArrow=none;html=1;strokeColor=#000000;strokeWidth=1;fontSize=12;entryX=0;entryY=0.5;exitX=1;exitY=0.5;" parent="1" source="9" target="15" edge="1"><mxGeometry width="50" height="50" relative="1" as="geometry"><mxPoint x="582.1666666666667" y="252.33333333333334" as="sourcePoint"/><mxPoint x="612.1666666666667" y="296.5" as="targetPoint"/></mxGeometry></mxCell><mxCell id="17" value="" style="endArrow=none;html=1;strokeColor=#000000;strokeWidth=1;fontSize=11;entryX=0;entryY=0.5;exitX=1;exitY=0.5;" parent="1" source="9" target="16" edge="1"><mxGeometry width="50" height="50" relative="1" as="geometry"><mxPoint x="502" y="400.99999999999994" as="sourcePoint"/><mxPoint x="552" y="350.99999999999994" as="targetPoint"/></mxGeometry></mxCell><mxCell id="21" value="&lt;font style=&quot;font-size: 9px;&quot;&gt;TCP&lt;/font&gt;&lt;div style=&quot;font-size: 9px;&quot;&gt;&lt;font style=&quot;font-size: 9px;&quot;&gt;4004&lt;/font&gt;&lt;/div&gt;" style="text;html=1;strokeColor=none;fillColor=none;align=center;verticalAlign=middle;whiteSpace=wrap;rounded=0;dashed=1;fontSize=9;rotation=0;" parent="1" vertex="1"><mxGeometry x="549" y="228.49999999999991" width="40" height="20" as="geometry"/></mxCell><mxCell id="14" value="&lt;div style=&quot;font-size: 11px&quot;&gt;&lt;font style=&quot;font-size: 11px&quot;&gt;Settings&lt;/font&gt;&lt;/div&gt;&lt;div style=&quot;font-size: 11px&quot;&gt;&lt;font style=&quot;font-size: 11px&quot;&gt;Transaction&amp;nbsp;&lt;/font&gt;Processor&lt;/div&gt;" style="rounded=1;whiteSpace=wrap;html=1;strokeWidth=1;fillColor=#F4EDFC;fontSize=12;strokeColor=#000000;" parent="1" vertex="1"><mxGeometry x="598" y="136" width="120" height="34" as="geometry"/></mxCell><mxCell id="15" value="&lt;div style=&quot;font-size: 11px&quot;&gt;&lt;font style=&quot;font-size: 11px&quot;&gt;Validator Registry&lt;/font&gt;&lt;/div&gt;&lt;div style=&quot;font-size: 11px&quot;&gt;&lt;font style=&quot;font-size: 11px&quot;&gt;Transaction&amp;nbsp;&lt;/font&gt;Processor&lt;/div&gt;" style="rounded=1;whiteSpace=wrap;html=1;strokeWidth=1;fillColor=#F4EDFC;fontSize=12;strokeColor=#000000;" parent="1" vertex="1"><mxGeometry x="598" y="193" width="120" height="37" as="geometry"/></mxCell><mxCell id="16" value="&lt;div style=&quot;font-size: 11px&quot;&gt;&lt;font style=&quot;font-size: 11px&quot;&gt;XO&lt;/font&gt;&lt;/div&gt;&lt;div style=&quot;font-size: 11px&quot;&gt;&lt;font style=&quot;font-size: 11px&quot;&gt;Transaction&amp;nbsp;&lt;/font&gt;Processor&lt;/div&gt;" style="rounded=1;whiteSpace=wrap;html=1;strokeWidth=1;fillColor=#F4EDFC;fontSize=12;strokeColor=#000000;" parent="1" vertex="1"><mxGeometry x="598" y="305" width="120" height="35" as="geometry"/></mxCell><mxCell id="28" value="" style="group" parent="1" vertex="1" connectable="0"><mxGeometry x="141" y="149.5" width="100" height="66.5" as="geometry"/></mxCell><mxCell id="26" value="" style="rounded=0;whiteSpace=wrap;html=1;shadow=0;dashed=1;strokeColor=#000000;fillColor=none;" parent="28" vertex="1"><mxGeometry x="2" y="16.5" width="98" height="50" as="geometry"/></mxCell><mxCell id="27" value="&lt;font style=&quot;font-size: 9px&quot;&gt;Container&lt;/font&gt;" style="text;html=1;strokeColor=none;fillColor=none;align=center;verticalAlign=middle;whiteSpace=wrap;rounded=0;shadow=1;dashed=1;spacing=0;" parent="28" vertex="1"><mxGeometry width="40" height="19" as="geometry"/></mxCell><mxCell id="38" value="" style="group" parent="1" vertex="1" connectable="0"><mxGeometry x="590" y="276" width="133" height="74" as="geometry"/></mxCell><mxCell id="39" value="" style="rounded=0;whiteSpace=wrap;html=1;shadow=0;dashed=1;strokeColor=#000000;fillColor=none;" parent="38" vertex="1"><mxGeometry x="3" y="27" width="130" height="43" as="geometry"/></mxCell><mxCell id="40" value="&lt;font style=&quot;font-size: 9px&quot;&gt;Container&lt;/font&gt;" style="text;html=1;strokeColor=none;fillColor=none;align=center;verticalAlign=middle;whiteSpace=wrap;rounded=0;shadow=1;dashed=1;spacing=0;" parent="38" vertex="1"><mxGeometry x="-5" y="10.571428571428571" width="53.199999999999996" height="21.142857142857142" as="geometry"/></mxCell><mxCell id="41" value="" style="group" parent="1" vertex="1" connectable="0"><mxGeometry x="590" y="112.5" width="133" height="70" as="geometry"/></mxCell><mxCell id="42" value="" style="rounded=0;whiteSpace=wrap;html=1;shadow=0;dashed=1;strokeColor=#000000;fillColor=none;" parent="41" vertex="1"><mxGeometry x="3" y="21" width="130" height="39" as="geometry"/></mxCell><mxCell id="43" value="&lt;font style=&quot;font-size: 9px&quot;&gt;Container&lt;/font&gt;" style="text;html=1;strokeColor=none;fillColor=none;align=center;verticalAlign=middle;whiteSpace=wrap;rounded=0;shadow=1;dashed=1;spacing=0;" parent="41" vertex="1"><mxGeometry x="-5" y="3" width="53.199999999999996" height="20" as="geometry"/></mxCell><mxCell id="44" value="" style="group" parent="1" vertex="1" connectable="0"><mxGeometry x="590" y="183" width="133" height="60" as="geometry"/></mxCell><mxCell id="45" value="" style="rounded=0;whiteSpace=wrap;html=1;shadow=0;dashed=1;strokeColor=#000000;fillColor=none;" parent="44" vertex="1"><mxGeometry x="3" y="4" width="130" height="46" as="geometry"/></mxCell><mxCell id="46" value="&lt;font style=&quot;font-size: 9px&quot;&gt;Container&lt;/font&gt;" style="text;html=1;strokeColor=none;fillColor=none;align=center;verticalAlign=middle;whiteSpace=wrap;rounded=0;shadow=1;dashed=1;spacing=0;" parent="44" vertex="1"><mxGeometry x="-5" y="-12" width="53.199999999999996" height="16.571428571428573" as="geometry"/></mxCell><mxCell id="50" value="&lt;font style=&quot;font-size: 13px&quot;&gt;Sawtooth Pod 0&lt;/font&gt;" style="text;html=1;strokeColor=none;fillColor=none;align=center;verticalAlign=middle;whiteSpace=wrap;rounded=0;shadow=0;dashed=1;fontSize=9;fontColor=#4D4D4D;" parent="1" vertex="1"><mxGeometry x="117" y="69" width="100" height="20" as="geometry"/></mxCell><mxCell id="55" value="&lt;font style=&quot;font-size: 14px&quot;&gt;Kubernetes Cluster&lt;/font&gt;" style="text;html=1;strokeColor=none;fillColor=none;align=center;verticalAlign=middle;whiteSpace=wrap;rounded=0;shadow=0;fontSize=9;fontColor=#000000;" parent="1" vertex="1"><mxGeometry x="106" y="37" width="130" height="20" as="geometry"/></mxCell><mxCell id="101" value="&lt;font style=&quot;font-size: 9px;&quot;&gt;TCP&lt;/font&gt;&lt;div style=&quot;font-size: 9px;&quot;&gt;&lt;font style=&quot;font-size: 9px;&quot;&gt;4004&lt;/font&gt;&lt;/div&gt;" style="text;html=1;strokeColor=none;fillColor=none;align=center;verticalAlign=middle;whiteSpace=wrap;rounded=0;dashed=1;fontSize=9;rotation=0;" parent="1" vertex="1"><mxGeometry x="349" y="225.4999999999999" width="40" height="20" as="geometry"/></mxCell><mxCell id="102" value="&lt;font style=&quot;font-size: 9px&quot;&gt;TCP&lt;/font&gt;&lt;div style=&quot;font-size: 9px&quot;&gt;&lt;font style=&quot;font-size: 9px&quot;&gt;8008&lt;/font&gt;&lt;/div&gt;" style="text;html=1;strokeColor=none;fillColor=none;align=center;verticalAlign=middle;whiteSpace=wrap;rounded=0;dashed=1;fontSize=9;rotation=0;" parent="1" vertex="1"><mxGeometry x="224" y="224.4999999999999" width="40" height="20" as="geometry"/></mxCell><mxCell id="35" value="&lt;font style=&quot;font-size: 9px&quot;&gt;Container&lt;/font&gt;" style="text;html=1;strokeColor=none;fillColor=none;align=center;verticalAlign=middle;whiteSpace=wrap;rounded=0;shadow=1;dashed=1;spacing=0;" parent="1" vertex="1"><mxGeometry x="369.77777777777777" y="146.2" width="64.4" height="44.57142857142856" as="geometry"/></mxCell><mxCell id="107" value="" style="endArrow=none;html=1;fontSize=9;fontColor=#4D4D4D;entryX=0;entryY=0.5;exitX=1;exitY=0.5;" parent="1" source="6" target="9" edge="1"><mxGeometry width="50" height="50" relative="1" as="geometry"><mxPoint x="330" y="300" as="sourcePoint"/><mxPoint x="320" y="310" as="targetPoint"/></mxGeometry></mxCell><mxCell id="108" value="" style="group" parent="1" vertex="1" connectable="0"><mxGeometry x="257" y="195" width="88" height="62.68656716417911" as="geometry"/></mxCell><mxCell id="30" value="" style="rounded=0;whiteSpace=wrap;html=1;shadow=0;dashed=1;strokeColor=#000000;fillColor=none;" parent="108" vertex="1"><mxGeometry y="17.761194029850742" width="88" height="44.92537313432835" as="geometry"/></mxCell><mxCell id="6" value="&lt;font style=&quot;font-size: 12px&quot;&gt;REST API&lt;/font&gt;" style="rounded=1;whiteSpace=wrap;html=1;strokeWidth=1;fillColor=#CCF0E2;fontSize=12;strokeColor=#000000;" parent="108" vertex="1"><mxGeometry x="5" y="21.9999999999998" width="78" height="37" as="geometry"/></mxCell><mxCell id="31" value="&lt;font style=&quot;font-size: 9px&quot;&gt;Container&lt;/font&gt;" style="text;html=1;strokeColor=none;fillColor=none;align=center;verticalAlign=middle;whiteSpace=wrap;rounded=0;shadow=1;dashed=1;spacing=0;" parent="108" vertex="1"><mxGeometry x="3" width="37.2" height="19.850746268656714" as="geometry"/></mxCell><mxCell id="324" value="&lt;div style=&quot;font-size: 11px&quot;&gt;IntegerKey&lt;/div&gt;&lt;div style=&quot;font-size: 11px&quot;&gt;Transaction Processor&lt;/div&gt;" style="rounded=1;whiteSpace=wrap;html=1;strokeWidth=1;fillColor=#F4EDFC;fontSize=12;strokeColor=#000000;" parent="1" vertex="1"><mxGeometry x="599.5" y="250" width="120" height="35" as="geometry"/></mxCell><mxCell id="325" value="" style="group" parent="1" vertex="1" connectable="0"><mxGeometry x="592" y="221" width="133" height="70" as="geometry"/></mxCell><mxCell id="326" value="" style="rounded=0;whiteSpace=wrap;html=1;shadow=0;dashed=1;strokeColor=#000000;fillColor=none;" parent="325" vertex="1"><mxGeometry x="3" y="25" width="130" height="45" as="geometry"/></mxCell><mxCell id="327" value="&lt;font style=&quot;font-size: 9px&quot;&gt;Container&lt;/font&gt;" style="text;html=1;strokeColor=none;fillColor=none;align=center;verticalAlign=middle;whiteSpace=wrap;rounded=0;shadow=1;dashed=1;spacing=0;" parent="325" vertex="1"><mxGeometry x="-5" y="8.857142857142858" width="53.199999999999996" height="19.714285714285715" as="geometry"/></mxCell><mxCell id="329" value="" style="endArrow=none;html=1;fontSize=10;entryX=1;entryY=0.5;exitX=0;exitY=0.5;" parent="1" source="326" target="9" edge="1"><mxGeometry width="50" height="50" relative="1" as="geometry"><mxPoint x="210" y="770" as="sourcePoint"/><mxPoint x="260" y="720" as="targetPoint"/></mxGeometry></mxCell><mxCell id="274" value="&lt;font style=&quot;font-size: 12px&quot;&gt;Sawtooth Pod 1&lt;/font&gt;" style="text;html=1;strokeColor=none;fillColor=none;align=center;verticalAlign=middle;whiteSpace=wrap;rounded=0;shadow=0;dashed=1;fontSize=9;fontColor=#4D4D4D;" parent="1" vertex="1"><mxGeometry x="283.3888888888889" y="483.0714285714285" width="96.29629629629629" height="7.857142857142858" as="geometry"/></mxCell><mxCell id="363" value="&lt;font style=&quot;font-size: 12px&quot;&gt;Sawtooth Pod &amp;nbsp;3&lt;/font&gt;" style="text;html=1;strokeColor=none;fillColor=none;align=center;verticalAlign=middle;whiteSpace=wrap;rounded=0;shadow=0;dashed=1;fontSize=9;fontColor=#4D4D4D;" vertex="1" parent="1"><mxGeometry x="340.8888888888889" y="590.0714285714284" width="96.29629629629629" height="7.857142857142858" as="geometry"/></mxCell><mxCell id="366" value="&lt;font style=&quot;font-size: 12px&quot;&gt;Sawtooth Pod 2&lt;/font&gt;" style="text;html=1;strokeColor=none;fillColor=none;align=center;verticalAlign=middle;whiteSpace=wrap;rounded=0;shadow=0;dashed=1;fontSize=9;fontColor=#4D4D4D;" vertex="1" parent="1"><mxGeometry x="539.8888888888889" y="483.0714285714285" width="96.29629629629629" height="7.857142857142858" as="geometry"/></mxCell><mxCell id="367" value="&lt;font style=&quot;font-size: 12px&quot;&gt;Sawtooth Pod 4&lt;/font&gt;" style="text;html=1;strokeColor=none;fillColor=none;align=center;verticalAlign=middle;whiteSpace=wrap;rounded=0;shadow=0;dashed=1;fontSize=9;fontColor=#4D4D4D;" vertex="1" parent="1"><mxGeometry x="483.8888888888889" y="590.0714285714286" width="96.29629629629629" height="7.857142857142858" as="geometry"/></mxCell><mxCell id="374" value="" style="group" vertex="1" connectable="0" parent="1"><mxGeometry x="477.50000000000006" y="532" width="93" height="50" as="geometry"/></mxCell><mxCell id="375" style="edgeStyle=orthogonalEdgeStyle;curved=1;jumpSize=3;html=1;exitX=1;exitY=0.25;entryX=1;entryY=0.25;jettySize=auto;orthogonalLoop=1;strokeColor=#000000;strokeWidth=1;fontSize=12;" edge="1" parent="374"><mxGeometry relative="1" as="geometry"><mxPoint x="71" y="9" as="sourcePoint"/><mxPoint x="71" y="9" as="targetPoint"/></mxGeometry></mxCell><mxCell id="376" value="" style="group;fillColor=#ffffff;" vertex="1" connectable="0" parent="374"><mxGeometry x="3" width="90" height="50" as="geometry"/></mxCell><mxCell id="377" value="" style="rounded=0;whiteSpace=wrap;html=1;fillColor=#E8F2FF;fontSize=12;strokeWidth=1;" vertex="1" parent="374"><mxGeometry width="90" height="46" as="geometry"/></mxCell><mxCell id="378" value="" style="group" vertex="1" connectable="0" parent="374"><mxGeometry x="4.764705882352928" y="4.25" width="80.4705882352941" height="37.5" as="geometry"/></mxCell><mxCell id="379" value="" style="rounded=1;whiteSpace=wrap;html=1;strokeWidth=1;fillColor=#B5D3FF;fontSize=12;strokeColor=#000000;" vertex="1" parent="378"><mxGeometry x="18.529411764705884" width="31.764705882352942" height="37.5" as="geometry"/></mxCell><mxCell id="380" value="" style="rounded=1;whiteSpace=wrap;html=1;strokeWidth=1;fillColor=#CCF0E2;fontSize=12;strokeColor=#000000;" vertex="1" parent="378"><mxGeometry y="13.75" width="12.705882352941178" height="10" as="geometry"/></mxCell><mxCell id="381" value="" style="endArrow=none;html=1;strokeColor=#000000;strokeWidth=1;fontSize=11;entryX=0;entryY=0.5;exitX=1;exitY=0.5;" edge="1" parent="378" source="380" target="379"><mxGeometry width="50" height="50" relative="1" as="geometry"><mxPoint x="2.647058823529413" y="340" as="sourcePoint"/><mxPoint x="29.117647058823522" y="308.75" as="targetPoint"/></mxGeometry></mxCell><mxCell id="382" value="" style="endArrow=none;html=1;strokeColor=#000000;strokeWidth=1;fontSize=11;exitX=1;exitY=0.5;entryX=0;entryY=0.5;" edge="1" parent="378" source="379" target="386"><mxGeometry width="50" height="50" relative="1" as="geometry"><mxPoint x="97.94117647058822" y="277.5" as="sourcePoint"/><mxPoint x="124.41176470588236" y="246.25" as="targetPoint"/></mxGeometry></mxCell><mxCell id="383" value="" style="group" vertex="1" connectable="0" parent="378"><mxGeometry x="55.58823529411764" y="7.5" width="24.88235294117647" height="16.25" as="geometry"/></mxCell><mxCell id="384" value="" style="rounded=1;whiteSpace=wrap;html=1;strokeWidth=1;fillColor=#F4EDFC;fontSize=12;strokeColor=#000000;" vertex="1" parent="383"><mxGeometry x="3.7058823529411766" width="21.176470588235293" height="10" as="geometry"/></mxCell><mxCell id="385" value="" style="rounded=1;whiteSpace=wrap;html=1;strokeWidth=1;fillColor=#F4EDFC;fontSize=12;strokeColor=#000000;" vertex="1" parent="383"><mxGeometry x="1.5882352941176472" y="3.125" width="21.176470588235293" height="10" as="geometry"/></mxCell><mxCell id="386" value="" style="rounded=1;whiteSpace=wrap;html=1;strokeWidth=1;fillColor=#F4EDFC;fontSize=12;strokeColor=#000000;" vertex="1" parent="383"><mxGeometry y="6.25" width="21.176470588235293" height="10" as="geometry"/></mxCell><mxCell id="387" value="" style="group" vertex="1" connectable="0" parent="1"><mxGeometry x="351.5000000000001" y="532" width="94.76470588235298" height="54.25" as="geometry"/></mxCell><mxCell id="388" value="" style="rounded=0;whiteSpace=wrap;html=1;fillColor=#E8F2FF;fontSize=12;strokeWidth=1;" vertex="1" parent="387"><mxGeometry width="90" height="46" as="geometry"/></mxCell><mxCell id="389" value="" style="group" vertex="1" connectable="0" parent="387"><mxGeometry x="4.764705882352985" y="4.25" width="90" height="50" as="geometry"/></mxCell><mxCell id="390" value="" style="rounded=1;whiteSpace=wrap;html=1;strokeWidth=1;fillColor=#B5D3FF;fontSize=12;strokeColor=#000000;" vertex="1" parent="389"><mxGeometry x="18.529411764705884" width="31.764705882352942" height="37.5" as="geometry"/></mxCell><mxCell id="391" value="" style="rounded=1;whiteSpace=wrap;html=1;strokeWidth=1;fillColor=#CCF0E2;fontSize=12;strokeColor=#000000;" vertex="1" parent="389"><mxGeometry y="13.75" width="12.705882352941178" height="10" as="geometry"/></mxCell><mxCell id="392" value="" style="endArrow=none;html=1;strokeColor=#000000;strokeWidth=1;fontSize=11;entryX=0;entryY=0.5;exitX=1;exitY=0.5;" edge="1" parent="389" source="391" target="390"><mxGeometry width="50" height="50" relative="1" as="geometry"><mxPoint x="2.647058823529413" y="340" as="sourcePoint"/><mxPoint x="29.117647058823522" y="308.75" as="targetPoint"/></mxGeometry></mxCell><mxCell id="393" value="" style="endArrow=none;html=1;strokeColor=#000000;strokeWidth=1;fontSize=11;exitX=1;exitY=0.5;entryX=0;entryY=0.5;" edge="1" parent="389" source="390" target="397"><mxGeometry width="50" height="50" relative="1" as="geometry"><mxPoint x="97.94117647058822" y="277.5" as="sourcePoint"/><mxPoint x="124.41176470588236" y="246.25" as="targetPoint"/></mxGeometry></mxCell><mxCell id="394" value="" style="group" vertex="1" connectable="0" parent="389"><mxGeometry x="55.58823529411764" y="7.5" width="24.88235294117647" height="16.25" as="geometry"/></mxCell><mxCell id="395" value="" style="rounded=1;whiteSpace=wrap;html=1;strokeWidth=1;fillColor=#F4EDFC;fontSize=12;strokeColor=#000000;" vertex="1" parent="394"><mxGeometry x="3.7058823529411766" width="21.176470588235293" height="10" as="geometry"/></mxCell><mxCell id="396" value="" style="rounded=1;whiteSpace=wrap;html=1;strokeWidth=1;fillColor=#F4EDFC;fontSize=12;strokeColor=#000000;" vertex="1" parent="394"><mxGeometry x="1.5882352941176472" y="3.125" width="21.176470588235293" height="10" as="geometry"/></mxCell><mxCell id="397" value="" style="rounded=1;whiteSpace=wrap;html=1;strokeWidth=1;fillColor=#F4EDFC;fontSize=12;strokeColor=#000000;" vertex="1" parent="394"><mxGeometry y="6.25" width="21.176470588235293" height="10" as="geometry"/></mxCell><mxCell id="262" value="" style="rounded=0;whiteSpace=wrap;html=1;shadow=0;dashed=1;strokeColor=#000000;fillColor=none;fontSize=9;dashPattern=1 1;" parent="389" vertex="1"><mxGeometry x="-11" y="-10" width="101" height="60" as="geometry"/></mxCell><mxCell id="398" value="" style="endArrow=none;html=1;strokeColor=#000000;strokeWidth=1;fontSize=12;entryX=0;entryY=0.5;exitX=1;exitY=0.5;" edge="1" source="388" target="377" parent="1"><mxGeometry width="50" height="50" relative="1" as="geometry"><mxPoint x="443.5000000000001" y="554" as="sourcePoint"/><mxPoint x="473.5000000000001" y="554" as="targetPoint"/></mxGeometry></mxCell><mxCell id="399" value="" style="group;fillColor=#ffffff;" vertex="1" connectable="0" parent="1"><mxGeometry x="293.5000000000001" y="428" width="90" height="50" as="geometry"/></mxCell><mxCell id="400" value="" style="rounded=0;whiteSpace=wrap;html=1;fillColor=#E8F2FF;fontSize=12;strokeWidth=1;" vertex="1" parent="1"><mxGeometry x="293.5000000000001" y="426" width="90" height="46" as="geometry"/></mxCell><mxCell id="401" value="" style="endArrow=none;html=1;strokeWidth=1;fontSize=12;exitX=0.5;exitY=0;strokeColor=#000000;entryX=1;entryY=0.5;" edge="1" source="377" target="400" parent="1"><mxGeometry width="50" height="50" relative="1" as="geometry"><mxPoint x="519.131672597865" y="541" as="sourcePoint"/><mxPoint x="391.1316725978651" y="448" as="targetPoint"/></mxGeometry></mxCell><mxCell id="402" value="" style="endArrow=none;html=1;strokeWidth=1;fontSize=12;exitX=0.5;exitY=0;strokeColor=#000000;entryX=1;entryY=0.5;" edge="1" source="388" target="400" parent="1"><mxGeometry width="50" height="50" relative="1" as="geometry"><mxPoint x="403.1316725978651" y="541" as="sourcePoint"/><mxPoint x="391.1316725978651" y="448" as="targetPoint"/></mxGeometry></mxCell><mxCell id="403" value="" style="group" vertex="1" connectable="0" parent="1"><mxGeometry x="298.2647058823531" y="430.25" width="80.4705882352941" height="37.5" as="geometry"/></mxCell><mxCell id="404" value="" style="rounded=1;whiteSpace=wrap;html=1;strokeWidth=1;fillColor=#B5D3FF;fontSize=12;strokeColor=#000000;" vertex="1" parent="403"><mxGeometry x="18.529411764705884" width="31.764705882352942" height="37.5" as="geometry"/></mxCell><mxCell id="405" value="" style="rounded=1;whiteSpace=wrap;html=1;strokeWidth=1;fillColor=#CCF0E2;fontSize=12;strokeColor=#000000;" vertex="1" parent="403"><mxGeometry y="13.75" width="12.705882352941178" height="10" as="geometry"/></mxCell><mxCell id="406" value="" style="endArrow=none;html=1;strokeColor=#000000;strokeWidth=1;fontSize=11;entryX=0;entryY=0.5;exitX=1;exitY=0.5;" edge="1" parent="403" source="405" target="404"><mxGeometry width="50" height="50" relative="1" as="geometry"><mxPoint x="2.647058823529413" y="340" as="sourcePoint"/><mxPoint x="29.117647058823522" y="308.75" as="targetPoint"/></mxGeometry></mxCell><mxCell id="407" value="" style="endArrow=none;html=1;strokeColor=#000000;strokeWidth=1;fontSize=11;exitX=1;exitY=0.5;entryX=0;entryY=0.5;" edge="1" parent="403" source="404" target="411"><mxGeometry width="50" height="50" relative="1" as="geometry"><mxPoint x="97.94117647058822" y="277.5" as="sourcePoint"/><mxPoint x="124.41176470588236" y="246.25" as="targetPoint"/></mxGeometry></mxCell><mxCell id="408" value="" style="group" vertex="1" connectable="0" parent="403"><mxGeometry x="55.58823529411764" y="7.5" width="24.88235294117647" height="16.25" as="geometry"/></mxCell><mxCell id="409" value="" style="rounded=1;whiteSpace=wrap;html=1;strokeWidth=1;fillColor=#F4EDFC;fontSize=12;strokeColor=#000000;" vertex="1" parent="408"><mxGeometry x="3.7058823529411766" width="21.176470588235293" height="10" as="geometry"/></mxCell><mxCell id="410" value="" style="rounded=1;whiteSpace=wrap;html=1;strokeWidth=1;fillColor=#F4EDFC;fontSize=12;strokeColor=#000000;" vertex="1" parent="408"><mxGeometry x="1.5882352941176472" y="3.125" width="21.176470588235293" height="10" as="geometry"/></mxCell><mxCell id="411" value="" style="rounded=1;whiteSpace=wrap;html=1;strokeWidth=1;fillColor=#F4EDFC;fontSize=12;strokeColor=#000000;" vertex="1" parent="408"><mxGeometry y="6.25" width="21.176470588235293" height="10" as="geometry"/></mxCell><mxCell id="412" value="" style="endArrow=none;html=1;strokeWidth=1;fontSize=12;entryX=0;entryY=0.5;strokeColor=#000000;exitX=1;exitY=0.5;" edge="1" source="400" target="414" parent="1"><mxGeometry width="50" height="50" relative="1" as="geometry"><mxPoint x="389.5000000000001" y="448" as="sourcePoint"/><mxPoint x="529.5" y="448" as="targetPoint"/></mxGeometry></mxCell><mxCell id="413" value="" style="group;fillColor=#ffffff;" vertex="1" connectable="0" parent="1"><mxGeometry x="538.5" y="426" width="90" height="50" as="geometry"/></mxCell><mxCell id="414" value="" style="rounded=0;whiteSpace=wrap;html=1;fillColor=#E8F2FF;fontSize=12;strokeWidth=1;" vertex="1" parent="1"><mxGeometry x="535.5" y="426" width="90" height="46" as="geometry"/></mxCell><mxCell id="415" value="" style="endArrow=none;html=1;strokeWidth=1;fontSize=12;exitX=0.5;exitY=0;entryX=0;entryY=0.5;strokeColor=#000000;" edge="1" source="377" target="414" parent="1"><mxGeometry width="50" height="50" relative="1" as="geometry"><mxPoint x="519.131672597865" y="541" as="sourcePoint"/><mxPoint x="531.131672597865" y="448" as="targetPoint"/></mxGeometry></mxCell><mxCell id="416" value="" style="group" vertex="1" connectable="0" parent="1"><mxGeometry x="540.2647058823529" y="430.25" width="80.4705882352941" height="37.5" as="geometry"/></mxCell><mxCell id="417" value="" style="rounded=1;whiteSpace=wrap;html=1;strokeWidth=1;fillColor=#B5D3FF;fontSize=12;strokeColor=#000000;" vertex="1" parent="416"><mxGeometry x="18.529411764705884" width="31.764705882352942" height="37.5" as="geometry"/></mxCell><mxCell id="418" value="" style="rounded=1;whiteSpace=wrap;html=1;strokeWidth=1;fillColor=#CCF0E2;fontSize=12;strokeColor=#000000;" vertex="1" parent="416"><mxGeometry y="13.75" width="12.705882352941178" height="10" as="geometry"/></mxCell><mxCell id="419" value="" style="endArrow=none;html=1;strokeColor=#000000;strokeWidth=1;fontSize=11;entryX=0;entryY=0.5;exitX=1;exitY=0.5;" edge="1" parent="416" source="418" target="417"><mxGeometry width="50" height="50" relative="1" as="geometry"><mxPoint x="2.647058823529413" y="340" as="sourcePoint"/><mxPoint x="29.117647058823522" y="308.75" as="targetPoint"/></mxGeometry></mxCell><mxCell id="420" value="" style="endArrow=none;html=1;strokeColor=#000000;strokeWidth=1;fontSize=11;exitX=1;exitY=0.5;entryX=0;entryY=0.5;" edge="1" parent="416" source="417" target="424"><mxGeometry width="50" height="50" relative="1" as="geometry"><mxPoint x="97.94117647058822" y="277.5" as="sourcePoint"/><mxPoint x="124.41176470588236" y="246.25" as="targetPoint"/></mxGeometry></mxCell><mxCell id="421" value="" style="group" vertex="1" connectable="0" parent="416"><mxGeometry x="55.58823529411764" y="7.5" width="24.88235294117647" height="16.25" as="geometry"/></mxCell><mxCell id="422" value="" style="rounded=1;whiteSpace=wrap;html=1;strokeWidth=1;fillColor=#F4EDFC;fontSize=12;strokeColor=#000000;" vertex="1" parent="421"><mxGeometry x="3.7058823529411766" width="21.176470588235293" height="10" as="geometry"/></mxCell><mxCell id="423" value="" style="rounded=1;whiteSpace=wrap;html=1;strokeWidth=1;fillColor=#F4EDFC;fontSize=12;strokeColor=#000000;" vertex="1" parent="421"><mxGeometry x="1.5882352941176472" y="3.125" width="21.176470588235293" height="10" as="geometry"/></mxCell><mxCell id="424" value="" style="rounded=1;whiteSpace=wrap;html=1;strokeWidth=1;fillColor=#F4EDFC;fontSize=12;strokeColor=#000000;" vertex="1" parent="421"><mxGeometry y="6.25" width="21.176470588235293" height="10" as="geometry"/></mxCell><mxCell id="425" value="" style="endArrow=none;html=1;strokeWidth=1;fontSize=12;exitX=0.5;exitY=0;entryX=0;entryY=0.5;strokeColor=#000000;" edge="1" source="388" target="414" parent="1"><mxGeometry width="50" height="50" relative="1" as="geometry"><mxPoint x="403.1316725978651" y="541" as="sourcePoint"/><mxPoint x="531.131672597865" y="448" as="targetPoint"/></mxGeometry></mxCell><mxCell id="427" value="" style="endArrow=none;html=1;strokeWidth=1;fontSize=12;entryX=0.5;entryY=1;strokeColor=#000000;exitX=0.5;exitY=0;" edge="1" parent="1" source="400" target="9"><mxGeometry width="50" height="50" relative="1" as="geometry"><mxPoint x="374" y="404" as="sourcePoint"/><mxPoint x="497" y="313" as="targetPoint"/></mxGeometry></mxCell><mxCell id="428" value="" style="endArrow=none;html=1;strokeWidth=1;fontSize=12;entryX=0.5;entryY=1;exitX=0.5;exitY=0;strokeColor=#000000;" edge="1" parent="1" source="414" target="9"><mxGeometry width="50" height="50" relative="1" as="geometry"><mxPoint x="616" y="404" as="sourcePoint"/><mxPoint x="497" y="313" as="targetPoint"/></mxGeometry></mxCell><mxCell id="429" value="" style="endArrow=none;html=1;strokeWidth=1;fontSize=12;entryX=0.5;entryY=1;exitX=0.5;exitY=0;strokeColor=#000000;" edge="1" parent="1" source="388" target="9"><mxGeometry width="50" height="50" relative="1" as="geometry"><mxPoint x="432" y="510" as="sourcePoint"/><mxPoint x="497" y="313" as="targetPoint"/></mxGeometry></mxCell><mxCell id="430" value="" style="endArrow=none;html=1;strokeWidth=1;fontSize=12;entryX=0.5;entryY=1;exitX=0.5;exitY=0;strokeColor=#000000;" edge="1" parent="1" source="377" target="9"><mxGeometry width="50" height="50" relative="1" as="geometry"><mxPoint x="558" y="510" as="sourcePoint"/><mxPoint x="497" y="313" as="targetPoint"/></mxGeometry></mxCell><mxCell id="373" value="&lt;div style=&quot;text-align: left ; font-size: 14px&quot;&gt;&lt;div style=&quot;text-align: center&quot;&gt;&lt;font style=&quot;font-size: 14px&quot;&gt;Sawtooth&lt;/font&gt;&amp;nbsp;Network&lt;/div&gt;&lt;/div&gt;" style="text;html=1;strokeColor=none;fillColor=#ffffff;align=center;verticalAlign=middle;whiteSpace=wrap;rounded=0;fontSize=12;" vertex="1" parent="1"><mxGeometry x="401.0000000000001" y="393" width="120" height="17" as="geometry"/></mxCell><mxCell id="431" value="" style="rounded=0;whiteSpace=wrap;html=1;shadow=0;dashed=1;strokeColor=#000000;fillColor=none;fontSize=9;dashPattern=1 1;" vertex="1" parent="1"><mxGeometry x="471.7647058823531" y="526.25" width="101" height="60" as="geometry"/></mxCell><mxCell id="432" value="" style="rounded=0;whiteSpace=wrap;html=1;shadow=0;dashed=1;strokeColor=#000000;fillColor=none;fontSize=9;dashPattern=1 1;" vertex="1" parent="1"><mxGeometry x="529.7647058823532" y="419.25" width="101" height="60" as="geometry"/></mxCell><mxCell id="433" value="" style="rounded=0;whiteSpace=wrap;html=1;shadow=0;dashed=1;strokeColor=#000000;fillColor=none;fontSize=9;dashPattern=1 1;" vertex="1" parent="1"><mxGeometry x="289.26470588235316" y="417.75" width="101" height="60" as="geometry"/></mxCell><mxCell id="351" style="edgeStyle=orthogonalEdgeStyle;rounded=0;html=1;exitX=0.25;exitY=1;entryX=0.25;entryY=1;endArrow=none;endFill=0;jettySize=auto;orthogonalLoop=1;strokeColor=#0000CC;fontSize=10;" parent="1" source="150" target="150" edge="1"><mxGeometry relative="1" as="geometry"/></mxCell><mxCell id="150" value="&lt;font style=&quot;font-size: 9px&quot;&gt;TCP&lt;/font&gt;&lt;div style=&quot;font-size: 9px&quot;&gt;&lt;font style=&quot;font-size: 9px&quot;&gt;8800&lt;/font&gt;&lt;/div&gt;" style="text;html=1;strokeColor=none;fillColor=none;align=center;verticalAlign=middle;whiteSpace=wrap;rounded=0;dashed=1;fontSize=9;rotation=0;" parent="1" vertex="1"><mxGeometry x="441" y="329.9999999999999" width="40" height="20" as="geometry"/></mxCell><mxCell id="437" value="" style="rounded=1;whiteSpace=wrap;html=1;strokeColor=#000000;strokeWidth=1;fillColor=#FFF2C5;fontSize=12;arcSize=0;" vertex="1" parent="1"><mxGeometry x="297" y="432" width="9" height="6" as="geometry"/></mxCell><mxCell id="442" value="" style="endArrow=none;html=1;strokeColor=#000000;strokeWidth=1;fontSize=11;entryX=0.5;entryY=1;exitX=0.5;exitY=0;" edge="1" parent="1"><mxGeometry width="50" height="50" relative="1" as="geometry"><mxPoint x="301.6" y="444.20000000000005" as="sourcePoint"/><mxPoint x="301.6" y="438.20000000000005" as="targetPoint"/></mxGeometry></mxCell><mxCell id="447" value="" style="group" vertex="1" connectable="0" parent="1"><mxGeometry x="354" y="538" width="9" height="12.200000000000045" as="geometry"/></mxCell><mxCell id="445" value="" style="rounded=1;whiteSpace=wrap;html=1;strokeColor=#000000;strokeWidth=1;fillColor=#FFF2C5;fontSize=12;arcSize=0;" vertex="1" parent="447"><mxGeometry width="9" height="6" as="geometry"/></mxCell><mxCell id="446" value="" style="endArrow=none;html=1;strokeColor=#000000;strokeWidth=1;fontSize=11;entryX=0.5;entryY=1;exitX=0.5;exitY=0;" edge="1" parent="447"><mxGeometry width="50" height="50" relative="1" as="geometry"><mxPoint x="4.600000000000023" y="12.200000000000045" as="sourcePoint"/><mxPoint x="4.600000000000023" y="6.2000000000000455" as="targetPoint"/></mxGeometry></mxCell><mxCell id="448" value="" style="group" vertex="1" connectable="0" parent="1"><mxGeometry x="481" y="538" width="9" height="12.200000000000045" as="geometry"/></mxCell><mxCell id="449" value="" style="rounded=1;whiteSpace=wrap;html=1;strokeColor=#000000;strokeWidth=1;fillColor=#FFF2C5;fontSize=12;arcSize=0;" vertex="1" parent="448"><mxGeometry width="9" height="6" as="geometry"/></mxCell><mxCell id="450" value="" style="endArrow=none;html=1;strokeColor=#000000;strokeWidth=1;fontSize=11;entryX=0.5;entryY=1;exitX=0.5;exitY=0;" edge="1" parent="448"><mxGeometry width="50" height="50" relative="1" as="geometry"><mxPoint x="4.600000000000023" y="12.200000000000045" as="sourcePoint"/><mxPoint x="4.600000000000023" y="6.2000000000000455" as="targetPoint"/></mxGeometry></mxCell><mxCell id="453" value="" style="group" vertex="1" connectable="0" parent="1"><mxGeometry x="539" y="432" width="9" height="12.200000000000045" as="geometry"/></mxCell><mxCell id="451" value="" style="rounded=1;whiteSpace=wrap;html=1;strokeColor=#000000;strokeWidth=1;fillColor=#FFF2C5;fontSize=12;arcSize=0;" vertex="1" parent="453"><mxGeometry width="9" height="6" as="geometry"/></mxCell><mxCell id="452" value="" style="endArrow=none;html=1;strokeColor=#000000;strokeWidth=1;fontSize=11;entryX=0.5;entryY=1;exitX=0.5;exitY=0;" edge="1" parent="453"><mxGeometry width="50" height="50" relative="1" as="geometry"><mxPoint x="4.600000000000023" y="12.200000000000045" as="sourcePoint"/><mxPoint x="4.600000000000023" y="6.2000000000000455" as="targetPoint"/></mxGeometry></mxCell></root></mxGraphModel>