<?xml version="1.0" encoding="UTF-8"?>
<mxGraphModel dx="1127" dy="544" grid="1" gridSize="10" guides="1" tooltips="1" connect="1" arrows="1" fold="1" page="1" pageScale="1" pageWidth="850" pageHeight="1100" background="#ffffff" math="0" shadow="0"><root><mxCell id="0"/><mxCell id="1" parent="0"/><mxCell id="68" value="TCP &amp;nbsp; 8800" style="text;html=1;strokeColor=none;fillColor=none;align=center;verticalAlign=middle;whiteSpace=wrap;rounded=0;fontSize=9;" parent="1" vertex="1"><mxGeometry x="421" y="287" width="80" height="20" as="geometry"/></mxCell><mxCell id="90" value="a" style="rounded=0;whiteSpace=wrap;html=1;fillColor=none;fontSize=12;strokeWidth=2;" vertex="1" parent="1"><mxGeometry x="135" y="120.99999999999997" width="595" height="229" as="geometry"/></mxCell><mxCell id="91" value="&lt;div style=&quot;text-align: left ; font-size: 13px&quot;&gt;&lt;span&gt;Validator Node&lt;/span&gt;&lt;/div&gt;" style="text;html=1;strokeColor=none;fillColor=none;align=left;verticalAlign=middle;whiteSpace=wrap;rounded=0;fontSize=12;" vertex="1" parent="1"><mxGeometry x="134" y="95" width="142.34875444839855" height="30.730478589420652" as="geometry"/></mxCell><mxCell id="92" value="&lt;font style=&quot;font-size: 12px&quot;&gt;Client:&amp;nbsp;&lt;br&gt;&lt;/font&gt;Sawtooth CLI" style="rounded=1;whiteSpace=wrap;html=1;strokeColor=#000000;strokeWidth=1;fillColor=#FFF2C5;fontSize=12;" vertex="1" parent="1"><mxGeometry x="146.24999999999991" y="167.49999999999986" width="90" height="43" as="geometry"/></mxCell><mxCell id="93" value="" style="endArrow=none;html=1;strokeColor=#000000;strokeWidth=1;fontSize=12;entryX=0;entryY=0.25;exitX=1;exitY=0.5;" edge="1" source="92" target="123" parent="1"><mxGeometry width="50" height="50" relative="1" as="geometry"><mxPoint x="63.95462633451949" y="514.8979848866497" as="sourcePoint"/><mxPoint x="135.12900355871878" y="438.07178841309803" as="targetPoint"/></mxGeometry></mxCell><mxCell id="101" value="&lt;font style=&quot;font-size: 9px;&quot;&gt;TCP&lt;/font&gt;&lt;div style=&quot;font-size: 9px;&quot;&gt;&lt;font style=&quot;font-size: 9px;&quot;&gt;4004&lt;/font&gt;&lt;/div&gt;" style="text;html=1;strokeColor=none;fillColor=none;align=center;verticalAlign=middle;whiteSpace=wrap;rounded=0;dashed=1;fontSize=9;rotation=0;" vertex="1" parent="1"><mxGeometry x="547.2499999999999" y="222.99999999999986" width="40" height="20" as="geometry"/></mxCell><mxCell id="102" value="&lt;div style=&quot;font-size: 11px&quot;&gt;&lt;font style=&quot;font-size: 11px&quot;&gt;Settings&lt;/font&gt;&lt;/div&gt;&lt;div style=&quot;font-size: 11px&quot;&gt;&lt;font style=&quot;font-size: 11px&quot;&gt;Transaction&amp;nbsp;&lt;/font&gt;Processor&lt;/div&gt;" style="rounded=1;whiteSpace=wrap;html=1;strokeWidth=1;fillColor=#F4EDFC;fontSize=12;strokeColor=#000000;" vertex="1" parent="1"><mxGeometry x="597.2499999999999" y="133.49999999999994" width="120" height="34" as="geometry"/></mxCell><mxCell id="103" value="&lt;div style=&quot;font-size: 11px&quot;&gt;&lt;font style=&quot;font-size: 11px&quot;&gt;Validator Registry&lt;/font&gt;&lt;/div&gt;&lt;div style=&quot;font-size: 11px&quot;&gt;&lt;font style=&quot;font-size: 11px&quot;&gt;Transaction&amp;nbsp;&lt;/font&gt;Processor&lt;/div&gt;" style="rounded=1;whiteSpace=wrap;html=1;strokeWidth=1;fillColor=#F4EDFC;fontSize=12;strokeColor=#000000;" vertex="1" parent="1"><mxGeometry x="597.2499999999999" y="188.49999999999994" width="120" height="37" as="geometry"/></mxCell><mxCell id="104" value="&lt;div style=&quot;font-size: 11px&quot;&gt;&lt;font style=&quot;font-size: 11px&quot;&gt;XO&lt;/font&gt;&lt;/div&gt;&lt;div style=&quot;font-size: 11px&quot;&gt;&lt;font style=&quot;font-size: 11px&quot;&gt;Transaction&amp;nbsp;&lt;/font&gt;Processor&lt;/div&gt;" style="rounded=1;whiteSpace=wrap;html=1;strokeWidth=1;fillColor=#F4EDFC;fontSize=12;strokeColor=#000000;" vertex="1" parent="1"><mxGeometry x="597.2499999999999" y="302.49999999999994" width="120" height="35" as="geometry"/></mxCell><mxCell id="117" value="&lt;font style=&quot;font-size: 9px;&quot;&gt;TCP&lt;/font&gt;&lt;div style=&quot;font-size: 9px;&quot;&gt;&lt;font style=&quot;font-size: 9px;&quot;&gt;4004&lt;/font&gt;&lt;/div&gt;" style="text;html=1;strokeColor=none;fillColor=none;align=center;verticalAlign=middle;whiteSpace=wrap;rounded=0;dashed=1;fontSize=9;rotation=0;" vertex="1" parent="1"><mxGeometry x="351.2499999999999" y="222.99999999999983" width="40" height="20" as="geometry"/></mxCell><mxCell id="118" value="&lt;font style=&quot;font-size: 9px&quot;&gt;TCP&lt;/font&gt;&lt;div style=&quot;font-size: 9px&quot;&gt;&lt;font style=&quot;font-size: 9px&quot;&gt;8008&lt;/font&gt;&lt;/div&gt;" style="text;html=1;strokeColor=none;fillColor=none;align=center;verticalAlign=middle;whiteSpace=wrap;rounded=0;dashed=1;fontSize=9;rotation=0;" vertex="1" parent="1"><mxGeometry x="227.24999999999991" y="221.99999999999983" width="40" height="20" as="geometry"/></mxCell><mxCell id="125" value="&lt;div style=&quot;font-size: 11px&quot;&gt;IntegerKey&lt;/div&gt;&lt;div style=&quot;font-size: 11px&quot;&gt;Transaction Processor&lt;/div&gt;" style="rounded=1;whiteSpace=wrap;html=1;strokeWidth=1;fillColor=#F4EDFC;fontSize=12;strokeColor=#000000;" vertex="1" parent="1"><mxGeometry x="598.7499999999999" y="246.49999999999994" width="120" height="35" as="geometry"/></mxCell><mxCell id="129" value="" style="endArrow=none;html=1;fontSize=10;entryX=1;entryY=0.5;exitX=0;exitY=0.5;" edge="1" source="125" target="95" parent="1"><mxGeometry width="50" height="50" relative="1" as="geometry"><mxPoint x="594.5357142857141" y="266.0714285714285" as="sourcePoint"/><mxPoint x="259.2499999999999" y="717.5" as="targetPoint"/></mxGeometry></mxCell><mxCell id="95" value="" style="rounded=1;whiteSpace=wrap;html=1;strokeWidth=1;fillColor=#B5D3FF;fontSize=12;strokeColor=#000000;" vertex="1" parent="1"><mxGeometry x="385.2499999999999" y="177.49999999999983" width="150" height="111" as="geometry"/></mxCell><mxCell id="98" value="" style="endArrow=none;html=1;strokeColor=#000000;strokeWidth=1;fontSize=12;entryX=0;entryY=0.5;exitX=1;exitY=0.5;" edge="1" source="95" target="102" parent="1"><mxGeometry width="50" height="50" relative="1" as="geometry"><mxPoint x="581.2499999999999" y="248.49999999999991" as="sourcePoint"/><mxPoint x="661.5441176470587" y="254.79411764705884" as="targetPoint"/></mxGeometry></mxCell><mxCell id="99" value="" style="endArrow=none;html=1;strokeColor=#000000;strokeWidth=1;fontSize=12;entryX=0;entryY=0.5;exitX=1;exitY=0.5;" edge="1" source="95" target="103" parent="1"><mxGeometry width="50" height="50" relative="1" as="geometry"><mxPoint x="581.4166666666666" y="249.8333333333333" as="sourcePoint"/><mxPoint x="611.4166666666666" y="293.99999999999994" as="targetPoint"/></mxGeometry></mxCell><mxCell id="100" value="" style="endArrow=none;html=1;strokeColor=#000000;strokeWidth=1;fontSize=11;entryX=0;entryY=0.5;exitX=1;exitY=0.5;" edge="1" source="95" target="104" parent="1"><mxGeometry width="50" height="50" relative="1" as="geometry"><mxPoint x="501.2499999999999" y="398.4999999999999" as="sourcePoint"/><mxPoint x="551.2499999999999" y="348.4999999999999" as="targetPoint"/></mxGeometry></mxCell><mxCell id="96" value="&lt;font style=&quot;font-size: 14px&quot;&gt;Validator&lt;/font&gt;" style="text;html=1;strokeColor=none;fillColor=none;align=center;verticalAlign=middle;whiteSpace=wrap;rounded=0;fontSize=12;" vertex="1" parent="1"><mxGeometry x="418.5141052631577" y="222.4011831374007" width="83.47178947368421" height="21.197633725198358" as="geometry"/></mxCell><mxCell id="97" style="edgeStyle=orthogonalEdgeStyle;curved=1;jumpSize=3;html=1;exitX=0.25;exitY=0;entryX=0.25;entryY=0;jettySize=auto;orthogonalLoop=1;strokeColor=#000000;strokeWidth=1;fontSize=11;" edge="1" parent="1" source="95" target="95"><mxGeometry relative="1" as="geometry"/></mxCell><mxCell id="123" value="&lt;font style=&quot;font-size: 12px&quot;&gt;REST API&lt;/font&gt;" style="rounded=1;whiteSpace=wrap;html=1;strokeWidth=1;fillColor=#CCF0E2;fontSize=12;strokeColor=#000000;" vertex="1" parent="1"><mxGeometry x="261.2499999999999" y="214.49999999999974" width="78" height="37" as="geometry"/></mxCell><mxCell id="120" value="" style="endArrow=none;html=1;fontSize=9;fontColor=#4D4D4D;entryX=0;entryY=0.5;exitX=1;exitY=0.5;" edge="1" source="123" target="95" parent="1"><mxGeometry width="50" height="50" relative="1" as="geometry"><mxPoint x="329.2499999999999" y="297.49999999999994" as="sourcePoint"/><mxPoint x="319.2499999999999" y="307.49999999999994" as="targetPoint"/></mxGeometry></mxCell><mxCell id="136" value="a" style="rounded=0;whiteSpace=wrap;html=1;fillColor=none;fontSize=12;strokeWidth=2;" vertex="1" parent="1"><mxGeometry x="135" y="397" width="595" height="229" as="geometry"/></mxCell><mxCell id="137" value="&lt;div style=&quot;text-align: left ; font-size: 13px&quot;&gt;&lt;span&gt;Validator Node&lt;/span&gt;&lt;/div&gt;" style="text;html=1;strokeColor=none;fillColor=none;align=left;verticalAlign=middle;whiteSpace=wrap;rounded=0;fontSize=12;" vertex="1" parent="1"><mxGeometry x="134" y="371" width="142.34875444839855" height="30.730478589420652" as="geometry"/></mxCell><mxCell id="139" value="&lt;font style=&quot;font-size: 12px&quot;&gt;Client:&amp;nbsp;&lt;br&gt;&lt;/font&gt;Sawtooth CLI" style="rounded=1;whiteSpace=wrap;html=1;strokeColor=#000000;strokeWidth=1;fillColor=#FFF2C5;fontSize=12;" vertex="1" parent="1"><mxGeometry x="146.24999999999991" y="443.4999999999999" width="90" height="43" as="geometry"/></mxCell><mxCell id="140" value="" style="endArrow=none;html=1;strokeColor=#000000;strokeWidth=1;fontSize=12;entryX=0;entryY=0.25;exitX=1;exitY=0.5;" edge="1" parent="1" source="139" target="155"><mxGeometry width="50" height="50" relative="1" as="geometry"><mxPoint x="63.95462633451949" y="790.8979848866497" as="sourcePoint"/><mxPoint x="135.12900355871878" y="714.071788413098" as="targetPoint"/></mxGeometry></mxCell><mxCell id="141" value="&lt;font style=&quot;font-size: 9px;&quot;&gt;TCP&lt;/font&gt;&lt;div style=&quot;font-size: 9px;&quot;&gt;&lt;font style=&quot;font-size: 9px;&quot;&gt;4004&lt;/font&gt;&lt;/div&gt;" style="text;html=1;strokeColor=none;fillColor=none;align=center;verticalAlign=middle;whiteSpace=wrap;rounded=0;dashed=1;fontSize=9;rotation=0;" vertex="1" parent="1"><mxGeometry x="547.2499999999999" y="498.9999999999999" width="40" height="20" as="geometry"/></mxCell><mxCell id="142" value="&lt;div style=&quot;font-size: 11px&quot;&gt;&lt;font style=&quot;font-size: 11px&quot;&gt;Settings&lt;/font&gt;&lt;/div&gt;&lt;div style=&quot;font-size: 11px&quot;&gt;&lt;font style=&quot;font-size: 11px&quot;&gt;Transaction&amp;nbsp;&lt;/font&gt;Processor&lt;/div&gt;" style="rounded=1;whiteSpace=wrap;html=1;strokeWidth=1;fillColor=#F4EDFC;fontSize=12;strokeColor=#000000;" vertex="1" parent="1"><mxGeometry x="597.2499999999999" y="409.49999999999994" width="120" height="34" as="geometry"/></mxCell><mxCell id="143" value="&lt;div style=&quot;font-size: 11px&quot;&gt;&lt;font style=&quot;font-size: 11px&quot;&gt;Validator Registry&lt;/font&gt;&lt;/div&gt;&lt;div style=&quot;font-size: 11px&quot;&gt;&lt;font style=&quot;font-size: 11px&quot;&gt;Transaction&amp;nbsp;&lt;/font&gt;Processor&lt;/div&gt;" style="rounded=1;whiteSpace=wrap;html=1;strokeWidth=1;fillColor=#F4EDFC;fontSize=12;strokeColor=#000000;" vertex="1" parent="1"><mxGeometry x="597.2499999999999" y="464.49999999999994" width="120" height="37" as="geometry"/></mxCell><mxCell id="144" value="&lt;div style=&quot;font-size: 11px&quot;&gt;&lt;font style=&quot;font-size: 11px&quot;&gt;XO&lt;/font&gt;&lt;/div&gt;&lt;div style=&quot;font-size: 11px&quot;&gt;&lt;font style=&quot;font-size: 11px&quot;&gt;Transaction&amp;nbsp;&lt;/font&gt;Processor&lt;/div&gt;" style="rounded=1;whiteSpace=wrap;html=1;strokeWidth=1;fillColor=#F4EDFC;fontSize=12;strokeColor=#000000;" vertex="1" parent="1"><mxGeometry x="597.2499999999999" y="578.5" width="120" height="35" as="geometry"/></mxCell><mxCell id="145" value="&lt;font style=&quot;font-size: 9px;&quot;&gt;TCP&lt;/font&gt;&lt;div style=&quot;font-size: 9px;&quot;&gt;&lt;font style=&quot;font-size: 9px;&quot;&gt;4004&lt;/font&gt;&lt;/div&gt;" style="text;html=1;strokeColor=none;fillColor=none;align=center;verticalAlign=middle;whiteSpace=wrap;rounded=0;dashed=1;fontSize=9;rotation=0;" vertex="1" parent="1"><mxGeometry x="351.2499999999999" y="498.99999999999983" width="40" height="20" as="geometry"/></mxCell><mxCell id="146" value="&lt;font style=&quot;font-size: 9px&quot;&gt;TCP&lt;/font&gt;&lt;div style=&quot;font-size: 9px&quot;&gt;&lt;font style=&quot;font-size: 9px&quot;&gt;8008&lt;/font&gt;&lt;/div&gt;" style="text;html=1;strokeColor=none;fillColor=none;align=center;verticalAlign=middle;whiteSpace=wrap;rounded=0;dashed=1;fontSize=9;rotation=0;" vertex="1" parent="1"><mxGeometry x="227.24999999999991" y="497.99999999999983" width="40" height="20" as="geometry"/></mxCell><mxCell id="147" value="&lt;div style=&quot;font-size: 11px&quot;&gt;IntegerKey&lt;/div&gt;&lt;div style=&quot;font-size: 11px&quot;&gt;Transaction Processor&lt;/div&gt;" style="rounded=1;whiteSpace=wrap;html=1;strokeWidth=1;fillColor=#F4EDFC;fontSize=12;strokeColor=#000000;" vertex="1" parent="1"><mxGeometry x="598.7499999999999" y="522.5" width="120" height="35" as="geometry"/></mxCell><mxCell id="148" value="" style="endArrow=none;html=1;fontSize=10;entryX=1;entryY=0.5;exitX=0;exitY=0.5;" edge="1" parent="1" source="147" target="149"><mxGeometry width="50" height="50" relative="1" as="geometry"><mxPoint x="594.5357142857141" y="542.0714285714284" as="sourcePoint"/><mxPoint x="259.2499999999999" y="993.5" as="targetPoint"/></mxGeometry></mxCell><mxCell id="149" value="" style="rounded=1;whiteSpace=wrap;html=1;strokeWidth=1;fillColor=#B5D3FF;fontSize=12;strokeColor=#000000;" vertex="1" parent="1"><mxGeometry x="385.2499999999999" y="453.49999999999983" width="150" height="111" as="geometry"/></mxCell><mxCell id="150" value="" style="endArrow=none;html=1;strokeColor=#000000;strokeWidth=1;fontSize=12;entryX=0;entryY=0.5;exitX=1;exitY=0.5;" edge="1" parent="1" source="149" target="142"><mxGeometry width="50" height="50" relative="1" as="geometry"><mxPoint x="581.2499999999999" y="524.4999999999999" as="sourcePoint"/><mxPoint x="661.5441176470587" y="530.7941176470588" as="targetPoint"/></mxGeometry></mxCell><mxCell id="151" value="" style="endArrow=none;html=1;strokeColor=#000000;strokeWidth=1;fontSize=12;entryX=0;entryY=0.5;exitX=1;exitY=0.5;" edge="1" parent="1" source="149" target="143"><mxGeometry width="50" height="50" relative="1" as="geometry"><mxPoint x="581.4166666666666" y="525.8333333333333" as="sourcePoint"/><mxPoint x="611.4166666666666" y="570" as="targetPoint"/></mxGeometry></mxCell><mxCell id="152" value="" style="endArrow=none;html=1;strokeColor=#000000;strokeWidth=1;fontSize=11;entryX=0;entryY=0.5;exitX=1;exitY=0.5;" edge="1" parent="1" source="149" target="144"><mxGeometry width="50" height="50" relative="1" as="geometry"><mxPoint x="501.2499999999999" y="674.4999999999999" as="sourcePoint"/><mxPoint x="551.2499999999999" y="624.4999999999999" as="targetPoint"/></mxGeometry></mxCell><mxCell id="153" value="&lt;font style=&quot;font-size: 14px&quot;&gt;Validator&lt;/font&gt;" style="text;html=1;strokeColor=none;fillColor=none;align=center;verticalAlign=middle;whiteSpace=wrap;rounded=0;fontSize=12;" vertex="1" parent="1"><mxGeometry x="418.5141052631577" y="498.4011831374007" width="83.47178947368421" height="21.197633725198358" as="geometry"/></mxCell><mxCell id="154" style="edgeStyle=orthogonalEdgeStyle;curved=1;jumpSize=3;html=1;exitX=0.25;exitY=0;entryX=0.25;entryY=0;jettySize=auto;orthogonalLoop=1;strokeColor=#000000;strokeWidth=1;fontSize=11;" edge="1" parent="1" source="149" target="149"><mxGeometry relative="1" as="geometry"/></mxCell><mxCell id="155" value="&lt;font style=&quot;font-size: 12px&quot;&gt;REST API&lt;/font&gt;" style="rounded=1;whiteSpace=wrap;html=1;strokeWidth=1;fillColor=#CCF0E2;fontSize=12;strokeColor=#000000;" vertex="1" parent="1"><mxGeometry x="261.2499999999999" y="490.4999999999998" width="78" height="37" as="geometry"/></mxCell><mxCell id="156" value="" style="endArrow=none;html=1;fontSize=9;fontColor=#4D4D4D;entryX=0;entryY=0.5;exitX=1;exitY=0.5;" edge="1" parent="1" source="155" target="149"><mxGeometry width="50" height="50" relative="1" as="geometry"><mxPoint x="329.2499999999999" y="573.5" as="sourcePoint"/><mxPoint x="319.2499999999999" y="583.5" as="targetPoint"/></mxGeometry></mxCell><mxCell id="158" value="" style="endArrow=none;html=1;entryX=0.5;entryY=1;exitX=0.5;exitY=0;" edge="1" parent="1" source="149" target="95"><mxGeometry width="50" height="50" relative="1" as="geometry"><mxPoint x="130" y="700" as="sourcePoint"/><mxPoint x="180" y="650" as="targetPoint"/></mxGeometry></mxCell><mxCell id="163" value="TCP &amp;nbsp; 8800" style="text;html=1;strokeColor=none;fillColor=none;align=center;verticalAlign=middle;whiteSpace=wrap;rounded=0;fontSize=9;" vertex="1" parent="1"><mxGeometry x="421.00000000000006" y="436" width="80" height="20" as="geometry"/></mxCell></root></mxGraphModel>