<?xml version="1.0" encoding="UTF-8"?>
<mxGraphModel dx="1127" dy="544" grid="1" gridSize="10" guides="1" tooltips="1" connect="1" arrows="1" fold="1" page="1" pageScale="1" pageWidth="850" pageHeight="1100" background="#ffffff" math="0" shadow="0"><root><mxCell id="0"/><mxCell id="1" parent="0"/><mxCell id="388" value="" style="rounded=0;whiteSpace=wrap;html=1;fillColor=#E8F2FF;fontSize=12;strokeWidth=1;" parent="1" vertex="1"><mxGeometry x="351.5000000000001" y="522" width="90" height="46" as="geometry"/></mxCell><mxCell id="2" value="a" style="rounded=0;whiteSpace=wrap;html=1;fillColor=none;fontSize=12;strokeWidth=2;" parent="1" vertex="1"><mxGeometry x="135" y="121" width="595" height="239" as="geometry"/></mxCell><mxCell id="3" value="&lt;div style=&quot;text-align: left ; font-size: 13px&quot;&gt;&lt;span&gt;Validator Node&lt;/span&gt;&lt;/div&gt;" style="text;html=1;strokeColor=none;fillColor=none;align=left;verticalAlign=middle;whiteSpace=wrap;rounded=0;fontSize=12;" parent="1" vertex="1"><mxGeometry x="134" y="95" width="142.34875444839855" height="30.730478589420652" as="geometry"/></mxCell><mxCell id="374" value="" style="group" parent="1" vertex="1" connectable="0"><mxGeometry x="477.50000000000006" y="522" width="93" height="50" as="geometry"/></mxCell><mxCell id="375" style="edgeStyle=orthogonalEdgeStyle;curved=1;jumpSize=3;html=1;exitX=1;exitY=0.25;entryX=1;entryY=0.25;jettySize=auto;orthogonalLoop=1;strokeColor=#000000;strokeWidth=1;fontSize=12;" parent="374" edge="1"><mxGeometry relative="1" as="geometry"><mxPoint x="71" y="9" as="sourcePoint"/><mxPoint x="71" y="9" as="targetPoint"/></mxGeometry></mxCell><mxCell id="376" value="" style="group;fillColor=#ffffff;" parent="374" vertex="1" connectable="0"><mxGeometry x="3" width="90" height="50" as="geometry"/></mxCell><mxCell id="377" value="" style="rounded=0;whiteSpace=wrap;html=1;fillColor=#E8F2FF;fontSize=12;strokeWidth=1;" parent="374" vertex="1"><mxGeometry width="90" height="46" as="geometry"/></mxCell><mxCell id="378" value="" style="group" parent="374" vertex="1" connectable="0"><mxGeometry x="4.764705882352928" y="4.25" width="80.4705882352941" height="37.5" as="geometry"/></mxCell><mxCell id="379" value="" style="rounded=1;whiteSpace=wrap;html=1;strokeWidth=1;fillColor=#B5D3FF;fontSize=12;strokeColor=#000000;" parent="378" vertex="1"><mxGeometry x="18.529411764705884" width="31.764705882352942" height="37.5" as="geometry"/></mxCell><mxCell id="380" value="" style="rounded=1;whiteSpace=wrap;html=1;strokeWidth=1;fillColor=#CCF0E2;fontSize=12;strokeColor=#000000;" parent="378" vertex="1"><mxGeometry y="13.75" width="12.705882352941178" height="10" as="geometry"/></mxCell><mxCell id="381" value="" style="endArrow=none;html=1;strokeColor=#000000;strokeWidth=1;fontSize=11;entryX=0;entryY=0.5;exitX=1;exitY=0.5;" parent="378" source="380" target="379" edge="1"><mxGeometry width="50" height="50" relative="1" as="geometry"><mxPoint x="2.647058823529413" y="340" as="sourcePoint"/><mxPoint x="29.117647058823522" y="308.75" as="targetPoint"/></mxGeometry></mxCell><mxCell id="382" value="" style="endArrow=none;html=1;strokeColor=#000000;strokeWidth=1;fontSize=11;exitX=1;exitY=0.5;entryX=0;entryY=0.5;" parent="378" source="379" target="386" edge="1"><mxGeometry width="50" height="50" relative="1" as="geometry"><mxPoint x="97.94117647058822" y="277.5" as="sourcePoint"/><mxPoint x="124.41176470588236" y="246.25" as="targetPoint"/></mxGeometry></mxCell><mxCell id="383" value="" style="group" parent="378" vertex="1" connectable="0"><mxGeometry x="55.58823529411764" y="7.5" width="24.88235294117647" height="16.25" as="geometry"/></mxCell><mxCell id="384" value="" style="rounded=1;whiteSpace=wrap;html=1;strokeWidth=1;fillColor=#F4EDFC;fontSize=12;strokeColor=#000000;" parent="383" vertex="1"><mxGeometry x="3.7058823529411766" width="21.176470588235293" height="10" as="geometry"/></mxCell><mxCell id="385" value="" style="rounded=1;whiteSpace=wrap;html=1;strokeWidth=1;fillColor=#F4EDFC;fontSize=12;strokeColor=#000000;" parent="383" vertex="1"><mxGeometry x="1.5882352941176472" y="3.125" width="21.176470588235293" height="10" as="geometry"/></mxCell><mxCell id="386" value="" style="rounded=1;whiteSpace=wrap;html=1;strokeWidth=1;fillColor=#F4EDFC;fontSize=12;strokeColor=#000000;" parent="383" vertex="1"><mxGeometry y="6.25" width="21.176470588235293" height="10" as="geometry"/></mxCell><mxCell id="398" value="" style="endArrow=none;html=1;strokeColor=#000000;strokeWidth=1;fontSize=12;entryX=0;entryY=0.5;exitX=1;exitY=0.5;" parent="1" source="388" target="377" edge="1"><mxGeometry width="50" height="50" relative="1" as="geometry"><mxPoint x="443.5000000000001" y="544" as="sourcePoint"/><mxPoint x="473.5000000000001" y="544" as="targetPoint"/></mxGeometry></mxCell><mxCell id="399" value="" style="group;fillColor=#ffffff;" parent="1" vertex="1" connectable="0"><mxGeometry x="293.5000000000001" y="418" width="90" height="50" as="geometry"/></mxCell><mxCell id="400" value="" style="rounded=0;whiteSpace=wrap;html=1;fillColor=#E8F2FF;fontSize=12;strokeWidth=1;" parent="1" vertex="1"><mxGeometry x="293.5000000000001" y="416" width="90" height="46" as="geometry"/></mxCell><mxCell id="401" value="" style="endArrow=none;html=1;strokeWidth=1;fontSize=12;exitX=0.5;exitY=0;strokeColor=#000000;entryX=1;entryY=0.5;" parent="1" source="377" target="400" edge="1"><mxGeometry width="50" height="50" relative="1" as="geometry"><mxPoint x="519.131672597865" y="531" as="sourcePoint"/><mxPoint x="391.1316725978651" y="438" as="targetPoint"/></mxGeometry></mxCell><mxCell id="402" value="" style="endArrow=none;html=1;strokeWidth=1;fontSize=12;exitX=0.5;exitY=0;strokeColor=#000000;entryX=1;entryY=0.5;" parent="1" source="388" target="400" edge="1"><mxGeometry width="50" height="50" relative="1" as="geometry"><mxPoint x="403.1316725978651" y="531" as="sourcePoint"/><mxPoint x="391.1316725978651" y="438" as="targetPoint"/></mxGeometry></mxCell><mxCell id="403" value="" style="group" parent="1" vertex="1" connectable="0"><mxGeometry x="298.2647058823531" y="420.25" width="80.4705882352941" height="37.5" as="geometry"/></mxCell><mxCell id="404" value="" style="rounded=1;whiteSpace=wrap;html=1;strokeWidth=1;fillColor=#B5D3FF;fontSize=12;strokeColor=#000000;" parent="403" vertex="1"><mxGeometry x="18.529411764705884" width="31.764705882352942" height="37.5" as="geometry"/></mxCell><mxCell id="405" value="" style="rounded=1;whiteSpace=wrap;html=1;strokeWidth=1;fillColor=#CCF0E2;fontSize=12;strokeColor=#000000;" parent="403" vertex="1"><mxGeometry y="13.75" width="12.705882352941178" height="10" as="geometry"/></mxCell><mxCell id="406" value="" style="endArrow=none;html=1;strokeColor=#000000;strokeWidth=1;fontSize=11;entryX=0;entryY=0.5;exitX=1;exitY=0.5;" parent="403" source="405" target="404" edge="1"><mxGeometry width="50" height="50" relative="1" as="geometry"><mxPoint x="2.647058823529413" y="340" as="sourcePoint"/><mxPoint x="29.117647058823522" y="308.75" as="targetPoint"/></mxGeometry></mxCell><mxCell id="407" value="" style="endArrow=none;html=1;strokeColor=#000000;strokeWidth=1;fontSize=11;exitX=1;exitY=0.5;entryX=0;entryY=0.5;" parent="403" source="404" target="411" edge="1"><mxGeometry width="50" height="50" relative="1" as="geometry"><mxPoint x="97.94117647058822" y="277.5" as="sourcePoint"/><mxPoint x="124.41176470588236" y="246.25" as="targetPoint"/></mxGeometry></mxCell><mxCell id="408" value="" style="group" parent="403" vertex="1" connectable="0"><mxGeometry x="55.58823529411764" y="7.5" width="24.88235294117647" height="16.25" as="geometry"/></mxCell><mxCell id="409" value="" style="rounded=1;whiteSpace=wrap;html=1;strokeWidth=1;fillColor=#F4EDFC;fontSize=12;strokeColor=#000000;" parent="408" vertex="1"><mxGeometry x="3.7058823529411766" width="21.176470588235293" height="10" as="geometry"/></mxCell><mxCell id="410" value="" style="rounded=1;whiteSpace=wrap;html=1;strokeWidth=1;fillColor=#F4EDFC;fontSize=12;strokeColor=#000000;" parent="408" vertex="1"><mxGeometry x="1.5882352941176472" y="3.125" width="21.176470588235293" height="10" as="geometry"/></mxCell><mxCell id="411" value="" style="rounded=1;whiteSpace=wrap;html=1;strokeWidth=1;fillColor=#F4EDFC;fontSize=12;strokeColor=#000000;" parent="408" vertex="1"><mxGeometry y="6.25" width="21.176470588235293" height="10" as="geometry"/></mxCell><mxCell id="412" value="" style="endArrow=none;html=1;strokeWidth=1;fontSize=12;entryX=0;entryY=0.5;strokeColor=#000000;exitX=1;exitY=0.5;" parent="1" source="400" target="414" edge="1"><mxGeometry width="50" height="50" relative="1" as="geometry"><mxPoint x="389.5000000000001" y="438" as="sourcePoint"/><mxPoint x="529.5" y="438" as="targetPoint"/></mxGeometry></mxCell><mxCell id="413" value="" style="group;fillColor=#ffffff;" parent="1" vertex="1" connectable="0"><mxGeometry x="538.5" y="416" width="90" height="50" as="geometry"/></mxCell><mxCell id="414" value="" style="rounded=0;whiteSpace=wrap;html=1;fillColor=#E8F2FF;fontSize=12;strokeWidth=1;" parent="1" vertex="1"><mxGeometry x="535.5" y="416" width="90" height="46" as="geometry"/></mxCell><mxCell id="415" value="" style="endArrow=none;html=1;strokeWidth=1;fontSize=12;exitX=0.5;exitY=0;entryX=0;entryY=0.5;strokeColor=#000000;" parent="1" source="377" target="414" edge="1"><mxGeometry width="50" height="50" relative="1" as="geometry"><mxPoint x="519.131672597865" y="531" as="sourcePoint"/><mxPoint x="531.131672597865" y="438" as="targetPoint"/></mxGeometry></mxCell><mxCell id="416" value="" style="group" parent="1" vertex="1" connectable="0"><mxGeometry x="540.2647058823529" y="420.25" width="80.4705882352941" height="37.5" as="geometry"/></mxCell><mxCell id="417" value="" style="rounded=1;whiteSpace=wrap;html=1;strokeWidth=1;fillColor=#B5D3FF;fontSize=12;strokeColor=#000000;" parent="416" vertex="1"><mxGeometry x="18.529411764705884" width="31.764705882352942" height="37.5" as="geometry"/></mxCell><mxCell id="418" value="" style="rounded=1;whiteSpace=wrap;html=1;strokeWidth=1;fillColor=#CCF0E2;fontSize=12;strokeColor=#000000;" parent="416" vertex="1"><mxGeometry y="13.75" width="12.705882352941178" height="10" as="geometry"/></mxCell><mxCell id="419" value="" style="endArrow=none;html=1;strokeColor=#000000;strokeWidth=1;fontSize=11;entryX=0;entryY=0.5;exitX=1;exitY=0.5;" parent="416" source="418" target="417" edge="1"><mxGeometry width="50" height="50" relative="1" as="geometry"><mxPoint x="2.647058823529413" y="340" as="sourcePoint"/><mxPoint x="29.117647058823522" y="308.75" as="targetPoint"/></mxGeometry></mxCell><mxCell id="420" value="" style="endArrow=none;html=1;strokeColor=#000000;strokeWidth=1;fontSize=11;exitX=1;exitY=0.5;entryX=0;entryY=0.5;" parent="416" source="417" target="424" edge="1"><mxGeometry width="50" height="50" relative="1" as="geometry"><mxPoint x="97.94117647058822" y="277.5" as="sourcePoint"/><mxPoint x="124.41176470588236" y="246.25" as="targetPoint"/></mxGeometry></mxCell><mxCell id="421" value="" style="group" parent="416" vertex="1" connectable="0"><mxGeometry x="55.58823529411764" y="7.5" width="24.88235294117647" height="16.25" as="geometry"/></mxCell><mxCell id="422" value="" style="rounded=1;whiteSpace=wrap;html=1;strokeWidth=1;fillColor=#F4EDFC;fontSize=12;strokeColor=#000000;" parent="421" vertex="1"><mxGeometry x="3.7058823529411766" width="21.176470588235293" height="10" as="geometry"/></mxCell><mxCell id="423" value="" style="rounded=1;whiteSpace=wrap;html=1;strokeWidth=1;fillColor=#F4EDFC;fontSize=12;strokeColor=#000000;" parent="421" vertex="1"><mxGeometry x="1.5882352941176472" y="3.125" width="21.176470588235293" height="10" as="geometry"/></mxCell><mxCell id="424" value="" style="rounded=1;whiteSpace=wrap;html=1;strokeWidth=1;fillColor=#F4EDFC;fontSize=12;strokeColor=#000000;" parent="421" vertex="1"><mxGeometry y="6.25" width="21.176470588235293" height="10" as="geometry"/></mxCell><mxCell id="425" value="" style="endArrow=none;html=1;strokeWidth=1;fontSize=12;exitX=0.5;exitY=0;entryX=0;entryY=0.5;strokeColor=#000000;" parent="1" source="388" target="414" edge="1"><mxGeometry width="50" height="50" relative="1" as="geometry"><mxPoint x="403.1316725978651" y="531" as="sourcePoint"/><mxPoint x="531.131672597865" y="438" as="targetPoint"/></mxGeometry></mxCell><mxCell id="427" value="" style="endArrow=none;html=1;strokeWidth=1;fontSize=12;entryX=0.5;entryY=1;strokeColor=#000000;exitX=0.5;exitY=0;" parent="1" source="400" target="9" edge="1"><mxGeometry width="50" height="50" relative="1" as="geometry"><mxPoint x="374" y="404" as="sourcePoint"/><mxPoint x="497" y="313" as="targetPoint"/></mxGeometry></mxCell><mxCell id="428" value="" style="endArrow=none;html=1;strokeWidth=1;fontSize=12;entryX=0.5;entryY=1;exitX=0.5;exitY=0;strokeColor=#000000;" parent="1" source="414" target="9" edge="1"><mxGeometry width="50" height="50" relative="1" as="geometry"><mxPoint x="616" y="404" as="sourcePoint"/><mxPoint x="497" y="313" as="targetPoint"/></mxGeometry></mxCell><mxCell id="429" value="" style="endArrow=none;html=1;strokeWidth=1;fontSize=12;entryX=0.5;entryY=1;exitX=0.5;exitY=0;strokeColor=#000000;" parent="1" source="388" target="9" edge="1"><mxGeometry width="50" height="50" relative="1" as="geometry"><mxPoint x="432" y="510" as="sourcePoint"/><mxPoint x="497" y="313" as="targetPoint"/></mxGeometry></mxCell><mxCell id="430" value="" style="endArrow=none;html=1;strokeWidth=1;fontSize=12;entryX=0.5;entryY=1;exitX=0.5;exitY=0;strokeColor=#000000;" parent="1" source="377" target="9" edge="1"><mxGeometry width="50" height="50" relative="1" as="geometry"><mxPoint x="558" y="510" as="sourcePoint"/><mxPoint x="497" y="313" as="targetPoint"/></mxGeometry></mxCell><mxCell id="373" value="&lt;div style=&quot;text-align: left ; font-size: 14px&quot;&gt;&lt;div style=&quot;text-align: center&quot;&gt;&lt;font style=&quot;font-size: 14px&quot;&gt;Sawtooth&lt;/font&gt;&amp;nbsp;Network&lt;/div&gt;&lt;/div&gt;" style="text;html=1;strokeColor=none;fillColor=#ffffff;align=center;verticalAlign=middle;whiteSpace=wrap;rounded=0;fontSize=12;" parent="1" vertex="1"><mxGeometry x="401.0000000000001" y="383" width="120" height="17" as="geometry"/></mxCell><mxCell id="150" value="&lt;font style=&quot;font-size: 9px&quot;&gt;TCP&lt;/font&gt;&lt;div style=&quot;font-size: 9px&quot;&gt;&lt;font style=&quot;font-size: 9px&quot;&gt;8800&lt;/font&gt;&lt;/div&gt;" style="text;html=1;strokeColor=none;fillColor=none;align=center;verticalAlign=middle;whiteSpace=wrap;rounded=0;dashed=1;fontSize=9;rotation=0;" parent="1" vertex="1"><mxGeometry x="440" y="330.9999999999999" width="40" height="20" as="geometry"/></mxCell><mxCell id="437" value="" style="rounded=1;whiteSpace=wrap;html=1;strokeColor=#000000;strokeWidth=1;fillColor=#FFF2C5;fontSize=12;arcSize=0;" parent="1" vertex="1"><mxGeometry x="297" y="422" width="9" height="6" as="geometry"/></mxCell><mxCell id="442" value="" style="endArrow=none;html=1;strokeColor=#000000;strokeWidth=1;fontSize=11;entryX=0.5;entryY=1;exitX=0.5;exitY=0;" parent="1" edge="1"><mxGeometry width="50" height="50" relative="1" as="geometry"><mxPoint x="301.6" y="434.20000000000005" as="sourcePoint"/><mxPoint x="301.6" y="428.20000000000005" as="targetPoint"/></mxGeometry></mxCell><mxCell id="447" value="" style="group" parent="1" vertex="1" connectable="0"><mxGeometry x="354" y="528" width="9" height="12.200000000000045" as="geometry"/></mxCell><mxCell id="445" value="" style="rounded=1;whiteSpace=wrap;html=1;strokeColor=#000000;strokeWidth=1;fillColor=#FFF2C5;fontSize=12;arcSize=0;" parent="447" vertex="1"><mxGeometry width="9" height="6" as="geometry"/></mxCell><mxCell id="446" value="" style="endArrow=none;html=1;strokeColor=#000000;strokeWidth=1;fontSize=11;entryX=0.5;entryY=1;exitX=0.5;exitY=0;" parent="447" edge="1"><mxGeometry width="50" height="50" relative="1" as="geometry"><mxPoint x="4.600000000000023" y="12.200000000000045" as="sourcePoint"/><mxPoint x="4.600000000000023" y="6.2000000000000455" as="targetPoint"/></mxGeometry></mxCell><mxCell id="448" value="" style="group" parent="1" vertex="1" connectable="0"><mxGeometry x="481" y="528" width="9" height="12.200000000000045" as="geometry"/></mxCell><mxCell id="449" value="" style="rounded=1;whiteSpace=wrap;html=1;strokeColor=#000000;strokeWidth=1;fillColor=#FFF2C5;fontSize=12;arcSize=0;" parent="448" vertex="1"><mxGeometry width="9" height="6" as="geometry"/></mxCell><mxCell id="450" value="" style="endArrow=none;html=1;strokeColor=#000000;strokeWidth=1;fontSize=11;entryX=0.5;entryY=1;exitX=0.5;exitY=0;" parent="448" edge="1"><mxGeometry width="50" height="50" relative="1" as="geometry"><mxPoint x="4.600000000000023" y="12.200000000000045" as="sourcePoint"/><mxPoint x="4.600000000000023" y="6.2000000000000455" as="targetPoint"/></mxGeometry></mxCell><mxCell id="453" value="" style="group" parent="1" vertex="1" connectable="0"><mxGeometry x="539" y="422" width="9" height="12.200000000000045" as="geometry"/></mxCell><mxCell id="451" value="" style="rounded=1;whiteSpace=wrap;html=1;strokeColor=#000000;strokeWidth=1;fillColor=#FFF2C5;fontSize=12;arcSize=0;" parent="453" vertex="1"><mxGeometry width="9" height="6" as="geometry"/></mxCell><mxCell id="452" value="" style="endArrow=none;html=1;strokeColor=#000000;strokeWidth=1;fontSize=11;entryX=0.5;entryY=1;exitX=0.5;exitY=0;" parent="453" edge="1"><mxGeometry width="50" height="50" relative="1" as="geometry"><mxPoint x="4.600000000000023" y="12.200000000000045" as="sourcePoint"/><mxPoint x="4.600000000000023" y="6.2000000000000455" as="targetPoint"/></mxGeometry></mxCell><mxCell id="4" value="&lt;font style=&quot;font-size: 12px&quot;&gt;Client:&amp;nbsp;&lt;br&gt;&lt;/font&gt;Sawtooth CLI" style="rounded=1;whiteSpace=wrap;html=1;strokeColor=#000000;strokeWidth=1;fillColor=#FFF2C5;fontSize=12;" parent="1" vertex="1"><mxGeometry x="146.24999999999991" y="169.99999999999991" width="90" height="43" as="geometry"/></mxCell><mxCell id="5" value="" style="endArrow=none;html=1;strokeColor=#000000;strokeWidth=1;fontSize=12;entryX=0;entryY=0.25;exitX=1;exitY=0.5;" parent="1" source="4" target="6" edge="1"><mxGeometry width="50" height="50" relative="1" as="geometry"><mxPoint x="63.95462633451949" y="517.3979848866497" as="sourcePoint"/><mxPoint x="135.12900355871878" y="440.5717884130981" as="targetPoint"/></mxGeometry></mxCell><mxCell id="8" value="" style="group" parent="1" vertex="1" connectable="0"><mxGeometry x="385.2499999999999" y="179.99999999999986" width="150" height="111.00000000000003" as="geometry"/></mxCell><mxCell id="9" value="" style="rounded=1;whiteSpace=wrap;html=1;strokeWidth=1;fillColor=#B5D3FF;fontSize=12;strokeColor=#000000;" parent="8" vertex="1"><mxGeometry y="2.3684757858670007e-14" width="150" height="111" as="geometry"/></mxCell><mxCell id="10" value="&lt;font style=&quot;font-size: 14px&quot;&gt;Validator&lt;/font&gt;" style="text;html=1;strokeColor=none;fillColor=none;align=center;verticalAlign=middle;whiteSpace=wrap;rounded=0;fontSize=12;" parent="8" vertex="1"><mxGeometry x="33.26410526315783" y="44.901183137400885" width="83.47178947368421" height="21.197633725198358" as="geometry"/></mxCell><mxCell id="11" style="edgeStyle=orthogonalEdgeStyle;curved=1;jumpSize=3;html=1;exitX=0.25;exitY=0;entryX=0.25;entryY=0;jettySize=auto;orthogonalLoop=1;strokeColor=#000000;strokeWidth=1;fontSize=11;" parent="8" source="9" target="9" edge="1"><mxGeometry relative="1" as="geometry"/></mxCell><mxCell id="12" value="" style="endArrow=none;html=1;strokeColor=#000000;strokeWidth=1;fontSize=12;entryX=0;entryY=0.5;exitX=1;exitY=0.5;" parent="1" source="9" target="14" edge="1"><mxGeometry width="50" height="50" relative="1" as="geometry"><mxPoint x="581.2499999999999" y="250.99999999999997" as="sourcePoint"/><mxPoint x="661.5441176470587" y="257.2941176470589" as="targetPoint"/></mxGeometry></mxCell><mxCell id="13" value="" style="endArrow=none;html=1;strokeColor=#000000;strokeWidth=1;fontSize=12;entryX=0;entryY=0.5;exitX=1;exitY=0.5;" parent="1" source="9" target="15" edge="1"><mxGeometry width="50" height="50" relative="1" as="geometry"><mxPoint x="581.4166666666666" y="252.33333333333334" as="sourcePoint"/><mxPoint x="611.4166666666666" y="296.5" as="targetPoint"/></mxGeometry></mxCell><mxCell id="17" value="" style="endArrow=none;html=1;strokeColor=#000000;strokeWidth=1;fontSize=11;entryX=0;entryY=0.5;exitX=1;exitY=0.5;" parent="1" source="9" target="16" edge="1"><mxGeometry width="50" height="50" relative="1" as="geometry"><mxPoint x="501.2499999999999" y="400.99999999999994" as="sourcePoint"/><mxPoint x="551.2499999999999" y="350.99999999999994" as="targetPoint"/></mxGeometry></mxCell><mxCell id="21" value="&lt;font style=&quot;font-size: 9px;&quot;&gt;TCP&lt;/font&gt;&lt;div style=&quot;font-size: 9px;&quot;&gt;&lt;font style=&quot;font-size: 9px;&quot;&gt;4004&lt;/font&gt;&lt;/div&gt;" style="text;html=1;strokeColor=none;fillColor=none;align=center;verticalAlign=middle;whiteSpace=wrap;rounded=0;dashed=1;fontSize=9;rotation=0;" parent="1" vertex="1"><mxGeometry x="548.2499999999999" y="226.49999999999991" width="40" height="20" as="geometry"/></mxCell><mxCell id="14" value="&lt;div style=&quot;font-size: 11px&quot;&gt;&lt;font style=&quot;font-size: 11px&quot;&gt;Settings&lt;/font&gt;&lt;/div&gt;&lt;div style=&quot;font-size: 11px&quot;&gt;&lt;font style=&quot;font-size: 11px&quot;&gt;Transaction&amp;nbsp;&lt;/font&gt;Processor&lt;/div&gt;" style="rounded=1;whiteSpace=wrap;html=1;strokeWidth=1;fillColor=#F4EDFC;fontSize=12;strokeColor=#000000;" parent="1" vertex="1"><mxGeometry x="597.2499999999999" y="136" width="120" height="34" as="geometry"/></mxCell><mxCell id="15" value="&lt;div style=&quot;font-size: 11px&quot;&gt;&lt;font style=&quot;font-size: 11px&quot;&gt;Validator Registry&lt;/font&gt;&lt;/div&gt;&lt;div style=&quot;font-size: 11px&quot;&gt;&lt;font style=&quot;font-size: 11px&quot;&gt;Transaction&amp;nbsp;&lt;/font&gt;Processor&lt;/div&gt;" style="rounded=1;whiteSpace=wrap;html=1;strokeWidth=1;fillColor=#F4EDFC;fontSize=12;strokeColor=#000000;" parent="1" vertex="1"><mxGeometry x="597.2499999999999" y="193" width="120" height="37" as="geometry"/></mxCell><mxCell id="16" value="&lt;div style=&quot;font-size: 11px&quot;&gt;&lt;font style=&quot;font-size: 11px&quot;&gt;XO&lt;/font&gt;&lt;/div&gt;&lt;div style=&quot;font-size: 11px&quot;&gt;&lt;font style=&quot;font-size: 11px&quot;&gt;Transaction&amp;nbsp;&lt;/font&gt;Processor&lt;/div&gt;" style="rounded=1;whiteSpace=wrap;html=1;strokeWidth=1;fillColor=#F4EDFC;fontSize=12;strokeColor=#000000;" parent="1" vertex="1"><mxGeometry x="597.2499999999999" y="305" width="120" height="35" as="geometry"/></mxCell><mxCell id="101" value="&lt;font style=&quot;font-size: 9px;&quot;&gt;TCP&lt;/font&gt;&lt;div style=&quot;font-size: 9px;&quot;&gt;&lt;font style=&quot;font-size: 9px;&quot;&gt;4004&lt;/font&gt;&lt;/div&gt;" style="text;html=1;strokeColor=none;fillColor=none;align=center;verticalAlign=middle;whiteSpace=wrap;rounded=0;dashed=1;fontSize=9;rotation=0;" parent="1" vertex="1"><mxGeometry x="348.2499999999999" y="225.4999999999999" width="40" height="20" as="geometry"/></mxCell><mxCell id="102" value="&lt;font style=&quot;font-size: 9px&quot;&gt;TCP&lt;/font&gt;&lt;div style=&quot;font-size: 9px&quot;&gt;&lt;font style=&quot;font-size: 9px&quot;&gt;8008&lt;/font&gt;&lt;/div&gt;" style="text;html=1;strokeColor=none;fillColor=none;align=center;verticalAlign=middle;whiteSpace=wrap;rounded=0;dashed=1;fontSize=9;rotation=0;" parent="1" vertex="1"><mxGeometry x="223.24999999999991" y="224.4999999999999" width="40" height="20" as="geometry"/></mxCell><mxCell id="107" value="" style="endArrow=none;html=1;fontSize=9;fontColor=#4D4D4D;entryX=0;entryY=0.5;exitX=1;exitY=0.5;" parent="1" source="6" target="9" edge="1"><mxGeometry width="50" height="50" relative="1" as="geometry"><mxPoint x="329.2499999999999" y="300" as="sourcePoint"/><mxPoint x="319.2499999999999" y="310" as="targetPoint"/></mxGeometry></mxCell><mxCell id="324" value="&lt;div style=&quot;font-size: 11px&quot;&gt;IntegerKey&lt;/div&gt;&lt;div style=&quot;font-size: 11px&quot;&gt;Transaction Processor&lt;/div&gt;" style="rounded=1;whiteSpace=wrap;html=1;strokeWidth=1;fillColor=#F4EDFC;fontSize=12;strokeColor=#000000;" parent="1" vertex="1"><mxGeometry x="598.7499999999999" y="250" width="120" height="35" as="geometry"/></mxCell><mxCell id="329" value="" style="endArrow=none;html=1;fontSize=10;entryX=1;entryY=0.5;exitX=0;exitY=0.5;" parent="1" source="324" target="9" edge="1"><mxGeometry width="50" height="50" relative="1" as="geometry"><mxPoint x="594.1120689655171" y="268.58620689655174" as="sourcePoint"/><mxPoint x="259.2499999999999" y="720" as="targetPoint"/></mxGeometry></mxCell><mxCell id="351" style="edgeStyle=orthogonalEdgeStyle;rounded=0;html=1;exitX=0.25;exitY=1;entryX=0.25;entryY=1;endArrow=none;endFill=0;jettySize=auto;orthogonalLoop=1;strokeColor=#0000CC;fontSize=10;" parent="1" source="150" target="150" edge="1"><mxGeometry relative="1" as="geometry"/></mxCell><mxCell id="6" value="&lt;font style=&quot;font-size: 12px&quot;&gt;REST API&lt;/font&gt;" style="rounded=1;whiteSpace=wrap;html=1;strokeWidth=1;fillColor=#CCF0E2;fontSize=12;strokeColor=#000000;" parent="1" vertex="1"><mxGeometry x="261.2499999999999" y="216.9999999999998" width="78" height="37" as="geometry"/></mxCell><mxCell id="390" value="" style="rounded=1;whiteSpace=wrap;html=1;strokeWidth=1;fillColor=#B5D3FF;fontSize=12;strokeColor=#000000;" parent="1" vertex="1"><mxGeometry x="374.794117647059" y="526.25" width="31.764705882352942" height="37.5" as="geometry"/></mxCell><mxCell id="391" value="" style="rounded=1;whiteSpace=wrap;html=1;strokeWidth=1;fillColor=#CCF0E2;fontSize=12;strokeColor=#000000;" parent="1" vertex="1"><mxGeometry x="356.2647058823531" y="540" width="12.705882352941178" height="10" as="geometry"/></mxCell><mxCell id="392" value="" style="endArrow=none;html=1;strokeColor=#000000;strokeWidth=1;fontSize=11;entryX=0;entryY=0.5;exitX=1;exitY=0.5;" parent="1" source="391" target="390" edge="1"><mxGeometry width="50" height="50" relative="1" as="geometry"><mxPoint x="358.9117647058825" y="866.25" as="sourcePoint"/><mxPoint x="385.38235294117663" y="835" as="targetPoint"/></mxGeometry></mxCell><mxCell id="393" value="" style="endArrow=none;html=1;strokeColor=#000000;strokeWidth=1;fontSize=11;exitX=1;exitY=0.5;entryX=0;entryY=0.5;" parent="1" source="390" target="397" edge="1"><mxGeometry width="50" height="50" relative="1" as="geometry"><mxPoint x="454.20588235294133" y="803.75" as="sourcePoint"/><mxPoint x="480.6764705882355" y="772.5" as="targetPoint"/></mxGeometry></mxCell><mxCell id="394" value="" style="group" parent="1" vertex="1" connectable="0"><mxGeometry x="411.8529411764707" y="533.75" width="24.88235294117647" height="16.25" as="geometry"/></mxCell><mxCell id="395" value="" style="rounded=1;whiteSpace=wrap;html=1;strokeWidth=1;fillColor=#F4EDFC;fontSize=12;strokeColor=#000000;" parent="394" vertex="1"><mxGeometry x="3.7058823529411766" width="21.176470588235293" height="10" as="geometry"/></mxCell><mxCell id="396" value="" style="rounded=1;whiteSpace=wrap;html=1;strokeWidth=1;fillColor=#F4EDFC;fontSize=12;strokeColor=#000000;" parent="394" vertex="1"><mxGeometry x="1.5882352941176472" y="3.125" width="21.176470588235293" height="10" as="geometry"/></mxCell><mxCell id="397" value="" style="rounded=1;whiteSpace=wrap;html=1;strokeWidth=1;fillColor=#F4EDFC;fontSize=12;strokeColor=#000000;" parent="394" vertex="1"><mxGeometry y="6.25" width="21.176470588235293" height="10" as="geometry"/></mxCell></root></mxGraphModel>